-- MySQL dump 10.13  Distrib 9.5.0, for macos15.4 (arm64)
--
-- Host: localhost    Database: integrators_db
-- ------------------------------------------------------
-- Server version	9.5.0

/*!40101 SET @OLD_CHARACTER_SET_CLIENT=@@CHARACTER_SET_CLIENT */;
/*!40101 SET @OLD_CHARACTER_SET_RESULTS=@@CHARACTER_SET_RESULTS */;
/*!40101 SET @OLD_COLLATION_CONNECTION=@@COLLATION_CONNECTION */;
/*!50503 SET NAMES utf8mb4 */;
/*!40103 SET @OLD_TIME_ZONE=@@TIME_ZONE */;
/*!40103 SET TIME_ZONE='+00:00' */;
/*!40014 SET @OLD_UNIQUE_CHECKS=@@UNIQUE_CHECKS, UNIQUE_CHECKS=0 */;
/*!40014 SET @OLD_FOREIGN_KEY_CHECKS=@@FOREIGN_KEY_CHECKS, FOREIGN_KEY_CHECKS=0 */;
/*!40101 SET @OLD_SQL_MODE=@@SQL_MODE, SQL_MODE='NO_AUTO_VALUE_ON_ZERO' */;
/*!40111 SET @OLD_SQL_NOTES=@@SQL_NOTES, SQL_NOTES=0 */;
SET @MYSQLDUMP_TEMP_LOG_BIN = @@SESSION.SQL_LOG_BIN;
SET @@SESSION.SQL_LOG_BIN= 0;

--
-- GTID state at the beginning of the backup 
--

SET @@GLOBAL.GTID_PURGED=/*!80000 '+'*/ 'ef9d5c26-b81d-11f0-9337-4d66194b2cfc:1-663';

--
-- Table structure for table `brands`
--

DROP TABLE IF EXISTS `brands`;
/*!40101 SET @saved_cs_client     = @@character_set_client */;
/*!50503 SET character_set_client = utf8mb4 */;
CREATE TABLE `brands` (
  `id` bigint NOT NULL AUTO_INCREMENT,
  `name` varchar(255) NOT NULL,
  `category_id` bigint NOT NULL,
  PRIMARY KEY (`id`),
  KEY `FKp530wxkbxrw9btaa6uqk19epc` (`category_id`),
  CONSTRAINT `FKp530wxkbxrw9btaa6uqk19epc` FOREIGN KEY (`category_id`) REFERENCES `product_categories` (`id`)
) ENGINE=InnoDB AUTO_INCREMENT=152 DEFAULT CHARSET=utf8mb4 COLLATE=utf8mb4_0900_ai_ci;
/*!40101 SET character_set_client = @saved_cs_client */;

--
-- Dumping data for table `brands`
--

LOCK TABLES `brands` WRITE;
/*!40000 ALTER TABLE `brands` DISABLE KEYS */;
INSERT INTO `brands` VALUES (1,'Prama',1),(2,'Hikvision',2),(3,'CP Plus',3),(4,'HD Crystal',1),(5,'Dahua',4),(6,'CP Plus',6),(7,'Prama',6),(8,'Hi-Focus',6),(9,'Dahua',6),(10,'Consistent',6),(11,'Impact',6),(12,'SecureEye',2),(13,'EZVIZ',3),(14,'True View',3),(15,'Dual Lens',2),(16,'EyeSera',2),(17,'Impact',4),(18,'Hi-Focus',4),(19,'Consistent',4),(20,'HP',8),(21,'TCS',9),(22,'Dahua',10),(23,'Logitech',11),(24,'D-Link',12),(25,'Rova',15),(26,'Tenda',15),(27,'Consistent',12),(28,'Consistent',13),(29,'Mastel',13),(30,'Tenda',13),(31,'Hi-Focus',13),(32,'True View',13),(33,'CP Plus',13),(34,'HyNet',14),(35,'Olive',14),(36,'Essel',16),(37,'Essel',17),(38,'Hikvision',18),(39,'Impact',19),(40,'Impact',20),(41,'True View',21),(42,'Impact',21),(43,'Hi-Focus',21),(44,'Hikvision',21),(45,'Vertel',21),(46,'UTL',22),(47,'UTL',23),(48,'UTL',24),(49,'Ahuja',25),(50,'Ahuja',26),(51,'Consistent',27),(52,'Hikvision',29),(53,'EonSecure',29),(54,'Consistent',28),(55,'Zebronic',28),(56,'Prama',34),(57,'CP Plus',34),(58,'Hikvision',34),(59,'Trueview',34),(60,'Consistent',34),(61,'Rova',34),(62,'Olive',34),(63,'WD',34),(64,'Hi-Focus',34),(65,'Prama',35),(66,'CP Plus',35),(67,'Hikvision',35),(68,'Trueview',35),(69,'Consistent',35),(70,'Hi-Focus',35),(71,'Dahua',35),(72,'Impact',35),(73,'HyNet',35),(74,'WD',35),(75,'Agni',36),(76,'Notifier',36),(77,'Bosch',36),(78,'Honeywell',36),(79,'Ravel',36),(80,'Agni',37),(81,'Notifier',37),(82,'Bosch',37),(83,'Honeywell',37),(84,'Ravel',37),(85,'Essl',38),(86,'Secureye',38),(87,'Matrix',38),(88,'Hikvision',38),(89,'Realtime',38),(90,'Hikvision',39),(91,'CP Plus',39),(92,'Secureye',39),(93,'Honeywell',39),(94,'Hikvision',40),(95,'CP Plus',40),(96,'Secureye',40),(97,'Honeywell',40),(98,'True View',40),(99,'Essl',41),(100,'Yale',41),(101,'Godrej',41),(102,'Consistent',42),(103,'Mastel',42),(104,'Prama',34),(105,'CP Plus',34),(106,'Hikvision',34),(107,'Trueview',34),(108,'Consistent',34),(109,'Rova',34),(110,'Olive',34),(111,'WD',34),(112,'Hi-Focus',34),(113,'Prama',35),(114,'CP Plus',35),(115,'Hikvision',35),(116,'Trueview',35),(117,'Consistent',35),(118,'Hi-Focus',35),(119,'Dahua',35),(120,'Impact',35),(121,'HyNet',35),(122,'WD',35),(123,'Agni',36),(124,'Notifier',36),(125,'Bosch',36),(126,'Honeywell',36),(127,'Ravel',36),(128,'Agni',37),(129,'Notifier',37),(130,'Bosch',37),(131,'Honeywell',37),(132,'Ravel',37),(133,'Essl',38),(134,'Secureye',38),(135,'Matrix',38),(136,'Hikvision',38),(137,'Realtime',38),(138,'Hikvision',39),(139,'CP Plus',39),(140,'Secureye',39),(141,'Honeywell',39),(142,'Hikvision',40),(143,'CP Plus',40),(144,'Secureye',40),(145,'Honeywell',40),(146,'True View',40),(147,'Essl',41),(148,'Yale',41),(149,'Godrej',41),(150,'Consistent',42),(151,'Mastel',42);
/*!40000 ALTER TABLE `brands` ENABLE KEYS */;
UNLOCK TABLES;

--
-- Table structure for table `cart_items`
--

DROP TABLE IF EXISTS `cart_items`;
/*!40101 SET @saved_cs_client     = @@character_set_client */;
/*!50503 SET character_set_client = utf8mb4 */;
CREATE TABLE `cart_items` (
  `id` bigint NOT NULL AUTO_INCREMENT,
  `quantity` int NOT NULL,
  `product_id` bigint NOT NULL,
  `user_id` bigint NOT NULL,
  PRIMARY KEY (`id`),
  KEY `FK1re40cjegsfvw58xrkdp6bac6` (`product_id`),
  KEY `FK709eickf3kc0dujx3ub9i7btf` (`user_id`),
  CONSTRAINT `FK1re40cjegsfvw58xrkdp6bac6` FOREIGN KEY (`product_id`) REFERENCES `products` (`id`),
  CONSTRAINT `FK709eickf3kc0dujx3ub9i7btf` FOREIGN KEY (`user_id`) REFERENCES `users` (`id`)
) ENGINE=InnoDB AUTO_INCREMENT=7 DEFAULT CHARSET=utf8mb4 COLLATE=utf8mb4_0900_ai_ci;
/*!40101 SET character_set_client = @saved_cs_client */;

--
-- Dumping data for table `cart_items`
--

LOCK TABLES `cart_items` WRITE;
/*!40000 ALTER TABLE `cart_items` DISABLE KEYS */;
INSERT INTO `cart_items` VALUES (1,3,52,3),(2,15,1,3),(3,1,2,3),(4,2,63,3),(5,2,51,3),(6,1,4,3);
/*!40000 ALTER TABLE `cart_items` ENABLE KEYS */;
UNLOCK TABLES;

--
-- Table structure for table `models`
--

DROP TABLE IF EXISTS `models`;
/*!40101 SET @saved_cs_client     = @@character_set_client */;
/*!50503 SET character_set_client = utf8mb4 */;
CREATE TABLE `models` (
  `id` bigint NOT NULL AUTO_INCREMENT,
  `image` varchar(255) DEFAULT NULL,
  `name` varchar(255) NOT NULL,
  `brand_id` bigint NOT NULL,
  PRIMARY KEY (`id`),
  KEY `FK95s72g5hnsl3o0bqeuhnokdxu` (`brand_id`),
  CONSTRAINT `FK95s72g5hnsl3o0bqeuhnokdxu` FOREIGN KEY (`brand_id`) REFERENCES `brands` (`id`)
) ENGINE=InnoDB AUTO_INCREMENT=181 DEFAULT CHARSET=utf8mb4 COLLATE=utf8mb4_0900_ai_ci;
/*!40101 SET character_set_client = @saved_cs_client */;

--
-- Dumping data for table `models`
--

LOCK TABLES `models` WRITE;
/*!40000 ALTER TABLE `models` DISABLE KEYS */;
INSERT INTO `models` VALUES (1,'https://images.unsplash.com/photo-1558618666-fcd25c85cd64?w=300','Varifocal Zoom Lens IR Camera',1),(2,'https://images.unsplash.com/photo-1587825140708-dfaf72ae4b04?w=300','Outdoor IR Speed Dome PTZ Camera',2),(3,'https://images.unsplash.com/photo-1557804506-669a67965ba0?w=300','WiFi Dome Camera',3),(4,'https://images.unsplash.com/photo-1557804506-669a67965ba0?w=300','IP Color Audio Dome Camera',4),(5,'https://images.unsplash.com/photo-1587825140708-dfaf72ae4b04?w=300','Color Bullet Camera',5),(6,'https://images.unsplash.com/photo-1558494949-ef010cbdcc31?w=300','16 Channel DVR',6),(7,'https://images.unsplash.com/photo-1558494949-ef010cbdcc31?w=300','16 Channel DVR',7),(8,'https://images.unsplash.com/photo-1558494949-ef010cbdcc31?w=300','16 Channel DVR',8),(9,'https://images.unsplash.com/photo-1558494949-ef010cbdcc31?w=300','4 Channel DVR',8),(10,'https://images.unsplash.com/photo-1558494949-ef010cbdcc31?w=300','4 Channel 2MP DVR',9),(11,'https://images.unsplash.com/photo-1558494949-ef010cbdcc31?w=300','4 Channel Hybrid Video Recorder',10),(12,'https://images.unsplash.com/photo-1558494949-ef010cbdcc31?w=300','4 Channel DVR',11),(13,'https://images.unsplash.com/photo-1557804506-669a67965ba0?w=300','PT Dome Camera',12),(14,'https://images.unsplash.com/photo-1557804506-669a67965ba0?w=300','H4 Camera',13),(15,'https://images.unsplash.com/photo-1557804506-669a67965ba0?w=300','Wireless Cube Camera',13),(16,'https://images.unsplash.com/photo-1557804506-669a67965ba0?w=300','WiFi Mini Pan Camera',14),(17,'https://images.unsplash.com/photo-1587825140708-dfaf72ae4b04?w=300','4G Solar PT Camera',15),(18,'https://images.unsplash.com/photo-1587825140708-dfaf72ae4b04?w=300','Linkage PT Camera',16),(19,'https://images.unsplash.com/photo-1557804506-669a67965ba0?w=300','Wireless 2MP Camera',3),(20,'https://images.unsplash.com/photo-1587825140708-dfaf72ae4b04?w=300','4MM Lens Color with Audio Camera',17),(21,'https://images.unsplash.com/photo-1587825140708-dfaf72ae4b04?w=300','Color HD Bullet Camera',18),(22,'https://images.unsplash.com/photo-1587825140708-dfaf72ae4b04?w=300','Color HD Camera',19),(23,'https://images.unsplash.com/photo-1527864550417-7fd91fc51a46?w=300','HP DT AIO-24-CR0901IN',20),(24,'https://images.unsplash.com/photo-1586953208448-b95a79798f07?w=300','Barcode Printer TE 244',21),(25,'https://images.unsplash.com/photo-1527443224154-c4a3942d3acf?w=300','LED 19 Inch',22),(26,'https://images.unsplash.com/photo-1527814050087-3793815479db?w=300','Wireless Mouse',23),(27,'https://images.unsplash.com/photo-1558494949-ef010cbdcc31?w=300','10-Port Gigabit Smart Switch',24),(28,'https://images.unsplash.com/photo-1558494949-ef010cbdcc31?w=300','24-Port Gigabit Switch',24),(29,'https://images.unsplash.com/photo-1558494949-ef010cbdcc31?w=300','16 Port POE Switch',25),(30,'https://images.unsplash.com/photo-1558494949-ef010cbdcc31?w=300','16 Port POE Gigabit',26),(31,'https://images.unsplash.com/photo-1558494949-ef010cbdcc31?w=300','5 Port Network Switch',27),(32,'https://images.unsplash.com/photo-1558494949-ef010cbdcc31?w=300','5-Port Switch',25),(33,'https://images.unsplash.com/photo-1558494949-ef010cbdcc31?w=300','4G Router',28),(34,'https://images.unsplash.com/photo-1558494949-ef010cbdcc31?w=300','4G Router',29),(35,'https://images.unsplash.com/photo-1558494949-ef010cbdcc31?w=300','Tenda Router',30),(36,'https://images.unsplash.com/photo-1558494949-ef010cbdcc31?w=300','Outdoor Tenda P2P',31),(37,'https://images.unsplash.com/photo-1558494949-ef010cbdcc31?w=300','Wireless Router',32),(38,'https://images.unsplash.com/photo-1558494949-ef010cbdcc31?w=300','Wireless Router',33),(39,'https://images.unsplash.com/photo-1558494949-ef010cbdcc31?w=300','Tenda Router',29),(40,'https://images.unsplash.com/photo-1558618666-fcd25c85cd64?w=300','CCA Cable',34),(41,'https://images.unsplash.com/photo-1558618666-fcd25c85cd64?w=300','3+1 CCTV Cable',34),(42,'https://images.unsplash.com/photo-1558618666-fcd25c85cd64?w=300','CAT-6 Outdoor Cable',35),(43,'https://images.unsplash.com/photo-1558618666-fcd25c85cd64?w=300','Copper Outdoor Cable',34),(44,'https://images.unsplash.com/photo-1587825140708-dfaf72ae4b04?w=300','Biometric Device',36),(45,'https://images.unsplash.com/photo-1558618666-fcd25c85cd64?w=300','Biometric Door Lock',37),(46,'https://images.unsplash.com/photo-1558618666-fcd25c85cd64?w=300','Frameless Glass Door Lock',37),(47,'https://images.unsplash.com/photo-1587825140708-dfaf72ae4b04?w=300','Biometric Face Machine',38),(48,'https://images.unsplash.com/photo-1587825140708-dfaf72ae4b04?w=300','Face Mars AI Essel',36),(49,'https://images.unsplash.com/photo-1587825140708-dfaf72ae4b04?w=300','Scanner with Face ID',36),(50,'https://images.unsplash.com/photo-1558618666-fcd25c85cd64?w=300','Fire Alarm Panel',39),(51,'https://images.unsplash.com/photo-1558618666-fcd25c85cd64?w=300','Zone Panel',39),(52,'https://images.unsplash.com/photo-1558618666-fcd25c85cd64?w=300','Smoke Sensor',40),(53,'https://images.unsplash.com/photo-1557804506-669a67965ba0?w=300','WiFi Video Doorbell',41),(54,'https://images.unsplash.com/photo-1557804506-669a67965ba0?w=300','Video Door Phone',42),(55,'https://images.unsplash.com/photo-1557804506-669a67965ba0?w=300','Video Door Phone',43),(56,'https://images.unsplash.com/photo-1557804506-669a67965ba0?w=300','Video Door Phone',44),(57,'https://images.unsplash.com/photo-1557804506-669a67965ba0?w=300','Smart Mini Pro LF',45),(58,'https://images.unsplash.com/photo-1509391366360-2e959784a276?w=300','Solar Inverter UTL',46),(59,'https://images.unsplash.com/photo-1609599006353-e629aaabfeae?w=300','Solar Battery 12.8V',47),(60,'https://images.unsplash.com/photo-1558618666-fcd25c85cd64?w=300','DC Solar Cable 6 SQMM',48),(61,'https://images.unsplash.com/photo-1605647540924-852290f6b0d5?w=300','Speaker',49),(62,'https://images.unsplash.com/photo-1605647540924-852290f6b0d5?w=300','Metallic 6W 6 Inch',49),(63,'https://images.unsplash.com/photo-1605647540924-852290f6b0d5?w=300','2 Way Audio Box',50),(64,'https://images.unsplash.com/photo-1621905251918-48416bd8575a?w=300','2MP Adapter (12V 2Amp)',51),(65,'https://images.unsplash.com/photo-1621905251918-48416bd8575a?w=300','5MP Adapter (12V 5Amp)',51),(66,'https://images.unsplash.com/photo-1621905251918-48416bd8575a?w=300','4 Channel Power Supply',52),(67,'https://images.unsplash.com/photo-1621905251918-48416bd8575a?w=300','16 Channel Power Supply',53),(68,'https://images.unsplash.com/photo-1621905251918-48416bd8575a?w=300','UPS',54),(69,'https://images.unsplash.com/photo-1621905251918-48416bd8575a?w=300','UPS',55),(70,'https://images.unsplash.com/photo-1557804506-669a67965ba0?w=300','Dome Camera',56),(71,'https://images.unsplash.com/photo-1587825140708-dfaf72ae4b04?w=300','Bullet Camera',58),(72,'https://images.unsplash.com/photo-1558618666-fcd25c85cd64?w=300','Varifocal Zoom Lens IR Camera',56),(73,'https://images.unsplash.com/photo-1587825140708-dfaf72ae4b04?w=300','PTZ Camera',58),(74,'https://images.unsplash.com/photo-1557804506-669a67965ba0?w=300','WiFi Camera',57),(75,'https://images.unsplash.com/photo-1557804506-669a67965ba0?w=300','4G Camera',59),(76,'https://images.unsplash.com/photo-1557804506-669a67965ba0?w=300','Solar Camera',60),(77,'https://images.unsplash.com/photo-1558494949-ef010cbdcc31?w=300','NVR 16 Channel',58),(78,'https://images.unsplash.com/photo-1558494949-ef010cbdcc31?w=300','POE Switch 16 Port',61),(79,'https://images.unsplash.com/photo-1558618666-fcd25c85cd64?w=300','CAT 6 Cable',62),(80,'https://images.unsplash.com/photo-1591488320449-011701bb6704?w=300','Surveillance Hard Disk 2TB',63),(81,'https://images.unsplash.com/photo-1558618666-fcd25c85cd64?w=300','BNC Connector',64),(82,'https://images.unsplash.com/photo-1557804506-669a67965ba0?w=300','Analog Dome Camera',65),(83,'https://images.unsplash.com/photo-1587825140708-dfaf72ae4b04?w=300','Analog Bullet Camera',67),(84,'https://images.unsplash.com/photo-1558494949-ef010cbdcc31?w=300','DVR 16 Channel',66),(85,'https://images.unsplash.com/photo-1558494949-ef010cbdcc31?w=300','DVR 4 Channel',70),(86,'https://images.unsplash.com/photo-1558618666-fcd25c85cd64?w=300','3+1 CCTV Cable',73),(87,'https://images.unsplash.com/photo-1591488320449-011701bb6704?w=300','Surveillance Hard Disk 1TB',74),(88,'https://images.unsplash.com/photo-1558618666-fcd25c85cd64?w=300','BNC Connector',70),(89,'https://images.unsplash.com/photo-1558618666-fcd25c85cd64?w=300','Conventional Fire Panel',75),(90,'https://images.unsplash.com/photo-1558618666-fcd25c85cd64?w=300','Conventional Fire Panel',77),(91,'https://images.unsplash.com/photo-1558618666-fcd25c85cd64?w=300','Smoke Detector',76),(92,'https://images.unsplash.com/photo-1558618666-fcd25c85cd64?w=300','Addressable Fire Panel',82),(93,'https://images.unsplash.com/photo-1558618666-fcd25c85cd64?w=300','Addressable Fire Panel',83),(94,'https://images.unsplash.com/photo-1558618666-fcd25c85cd64?w=300','Addressable Smoke Detector',81),(95,'https://images.unsplash.com/photo-1587825140708-dfaf72ae4b04?w=300','Biometric Device',85),(96,'https://images.unsplash.com/photo-1587825140708-dfaf72ae4b04?w=300','Face Recognition Machine',88),(97,'https://images.unsplash.com/photo-1587825140708-dfaf72ae4b04?w=300','Scanner with Face ID',85),(98,'https://images.unsplash.com/photo-1557804506-669a67965ba0?w=300','Analogue Video Door Phone',90),(99,'https://images.unsplash.com/photo-1557804506-669a67965ba0?w=300','Analogue Video Door Phone',91),(100,'https://images.unsplash.com/photo-1557804506-669a67965ba0?w=300','IP Video Door Phone',94),(101,'https://images.unsplash.com/photo-1557804506-669a67965ba0?w=300','WiFi Video Doorbell',98),(102,'https://images.unsplash.com/photo-1558618666-fcd25c85cd64?w=300','Biometric Door Lock',99),(103,'https://images.unsplash.com/photo-1558618666-fcd25c85cd64?w=300','Smart Electronic Lock',100),(104,'https://images.unsplash.com/photo-1558618666-fcd25c85cd64?w=300','Electronic Door Lock',101),(105,'https://images.unsplash.com/photo-1558618666-fcd25c85cd64?w=300','GPS Vehicle Tracker',102),(106,'https://images.unsplash.com/photo-1558618666-fcd25c85cd64?w=300','GPS Vehicle Tracker',103),(107,'https://images.unsplash.com/photo-1557804506-669a67965ba0?w=300','Dome Camera',104),(108,'https://images.unsplash.com/photo-1587825140708-dfaf72ae4b04?w=300','Bullet Camera',106),(109,'https://images.unsplash.com/photo-1558618666-fcd25c85cd64?w=300','Varifocal Zoom Lens IR Camera',104),(110,'https://images.unsplash.com/photo-1587825140708-dfaf72ae4b04?w=300','PTZ Camera',106),(111,'https://images.unsplash.com/photo-1557804506-669a67965ba0?w=300','WiFi Camera',105),(112,'https://images.unsplash.com/photo-1557804506-669a67965ba0?w=300','4G Camera',107),(113,'https://images.unsplash.com/photo-1557804506-669a67965ba0?w=300','Solar Camera',108),(114,'https://images.unsplash.com/photo-1558494949-ef010cbdcc31?w=300','NVR 16 Channel',106),(115,'https://images.unsplash.com/photo-1558494949-ef010cbdcc31?w=300','POE Switch 16 Port',109),(116,'https://images.unsplash.com/photo-1558618666-fcd25c85cd64?w=300','CAT 6 Cable',110),(117,'https://images.unsplash.com/photo-1591488320449-011701bb6704?w=300','Surveillance Hard Disk 2TB',111),(118,'https://images.unsplash.com/photo-1558618666-fcd25c85cd64?w=300','BNC Connector',112),(119,'https://images.unsplash.com/photo-1557804506-669a67965ba0?w=300','Analog Dome Camera',113),(120,'https://images.unsplash.com/photo-1587825140708-dfaf72ae4b04?w=300','Analog Bullet Camera',115),(121,'https://images.unsplash.com/photo-1558494949-ef010cbdcc31?w=300','DVR 16 Channel',114),(122,'https://images.unsplash.com/photo-1558494949-ef010cbdcc31?w=300','DVR 4 Channel',118),(123,'https://images.unsplash.com/photo-1558618666-fcd25c85cd64?w=300','3+1 CCTV Cable',121),(124,'https://images.unsplash.com/photo-1591488320449-011701bb6704?w=300','Surveillance Hard Disk 1TB',122),(125,'https://images.unsplash.com/photo-1558618666-fcd25c85cd64?w=300','BNC Connector',118),(126,'https://images.unsplash.com/photo-1558618666-fcd25c85cd64?w=300','Conventional Fire Panel',123),(127,'https://images.unsplash.com/photo-1558618666-fcd25c85cd64?w=300','Conventional Fire Panel',125),(128,'https://images.unsplash.com/photo-1558618666-fcd25c85cd64?w=300','Smoke Detector',124),(129,'https://images.unsplash.com/photo-1558618666-fcd25c85cd64?w=300','Addressable Fire Panel',130),(130,'https://images.unsplash.com/photo-1558618666-fcd25c85cd64?w=300','Addressable Fire Panel',131),(131,'https://images.unsplash.com/photo-1558618666-fcd25c85cd64?w=300','Addressable Smoke Detector',129),(132,'https://images.unsplash.com/photo-1587825140708-dfaf72ae4b04?w=300','Biometric Device',133),(133,'https://images.unsplash.com/photo-1587825140708-dfaf72ae4b04?w=300','Face Recognition Machine',136),(134,'https://images.unsplash.com/photo-1587825140708-dfaf72ae4b04?w=300','Scanner with Face ID',133),(135,'https://images.unsplash.com/photo-1557804506-669a67965ba0?w=300','Analogue Video Door Phone',138),(136,'https://images.unsplash.com/photo-1557804506-669a67965ba0?w=300','Analogue Video Door Phone',139),(137,'https://images.unsplash.com/photo-1557804506-669a67965ba0?w=300','IP Video Door Phone',142),(138,'https://images.unsplash.com/photo-1557804506-669a67965ba0?w=300','WiFi Video Doorbell',146),(139,'https://images.unsplash.com/photo-1558618666-fcd25c85cd64?w=300','Biometric Door Lock',147),(140,'https://images.unsplash.com/photo-1558618666-fcd25c85cd64?w=300','Smart Electronic Lock',148),(141,'https://images.unsplash.com/photo-1558618666-fcd25c85cd64?w=300','Electronic Door Lock',149),(142,'https://images.unsplash.com/photo-1558618666-fcd25c85cd64?w=300','GPS Vehicle Tracker',150),(143,'https://images.unsplash.com/photo-1558618666-fcd25c85cd64?w=300','GPS Vehicle Tracker',151),(144,'https://images.unsplash.com/photo-1557804506-669a67965ba0?w=300','Dome Camera',56),(145,'https://images.unsplash.com/photo-1587825140708-dfaf72ae4b04?w=300','Bullet Camera',58),(146,'https://images.unsplash.com/photo-1558618666-fcd25c85cd64?w=300','Varifocal Zoom Lens IR Camera',56),(147,'https://images.unsplash.com/photo-1587825140708-dfaf72ae4b04?w=300','PTZ Camera',58),(148,'https://images.unsplash.com/photo-1557804506-669a67965ba0?w=300','WiFi Camera',57),(149,'https://images.unsplash.com/photo-1557804506-669a67965ba0?w=300','4G Camera',59),(150,'https://images.unsplash.com/photo-1557804506-669a67965ba0?w=300','Solar Camera',60),(151,'https://images.unsplash.com/photo-1558494949-ef010cbdcc31?w=300','NVR 16 Channel',58),(152,'https://images.unsplash.com/photo-1558494949-ef010cbdcc31?w=300','POE Switch 16 Port',61),(153,'https://images.unsplash.com/photo-1558618666-fcd25c85cd64?w=300','CAT 6 Cable',62),(154,'https://images.unsplash.com/photo-1591488320449-011701bb6704?w=300','Surveillance Hard Disk 2TB',63),(155,'https://images.unsplash.com/photo-1558618666-fcd25c85cd64?w=300','BNC Connector',64),(156,'https://images.unsplash.com/photo-1557804506-669a67965ba0?w=300','Analog Dome Camera',65),(157,'https://images.unsplash.com/photo-1587825140708-dfaf72ae4b04?w=300','Analog Bullet Camera',67),(158,'https://images.unsplash.com/photo-1558494949-ef010cbdcc31?w=300','DVR 16 Channel',66),(159,'https://images.unsplash.com/photo-1558494949-ef010cbdcc31?w=300','DVR 4 Channel',70),(160,'https://images.unsplash.com/photo-1558618666-fcd25c85cd64?w=300','3+1 CCTV Cable',73),(161,'https://images.unsplash.com/photo-1591488320449-011701bb6704?w=300','Surveillance Hard Disk 1TB',74),(162,'https://images.unsplash.com/photo-1558618666-fcd25c85cd64?w=300','BNC Connector',70),(163,'https://images.unsplash.com/photo-1558618666-fcd25c85cd64?w=300','Conventional Fire Panel',75),(164,'https://images.unsplash.com/photo-1558618666-fcd25c85cd64?w=300','Conventional Fire Panel',77),(165,'https://images.unsplash.com/photo-1558618666-fcd25c85cd64?w=300','Smoke Detector',76),(166,'https://images.unsplash.com/photo-1558618666-fcd25c85cd64?w=300','Addressable Fire Panel',82),(167,'https://images.unsplash.com/photo-1558618666-fcd25c85cd64?w=300','Addressable Fire Panel',83),(168,'https://images.unsplash.com/photo-1558618666-fcd25c85cd64?w=300','Addressable Smoke Detector',81),(169,'https://images.unsplash.com/photo-1587825140708-dfaf72ae4b04?w=300','Biometric Device',85),(170,'https://images.unsplash.com/photo-1587825140708-dfaf72ae4b04?w=300','Face Recognition Machine',88),(171,'https://images.unsplash.com/photo-1587825140708-dfaf72ae4b04?w=300','Scanner with Face ID',85),(172,'https://images.unsplash.com/photo-1557804506-669a67965ba0?w=300','Analogue Video Door Phone',90),(173,'https://images.unsplash.com/photo-1557804506-669a67965ba0?w=300','Analogue Video Door Phone',91),(174,'https://images.unsplash.com/photo-1557804506-669a67965ba0?w=300','IP Video Door Phone',94),(175,'https://images.unsplash.com/photo-1557804506-669a67965ba0?w=300','WiFi Video Doorbell',98),(176,'https://images.unsplash.com/photo-1558618666-fcd25c85cd64?w=300','Biometric Door Lock',99),(177,'https://images.unsplash.com/photo-1558618666-fcd25c85cd64?w=300','Smart Electronic Lock',100),(178,'https://images.unsplash.com/photo-1558618666-fcd25c85cd64?w=300','Electronic Door Lock',101),(179,'https://images.unsplash.com/photo-1558618666-fcd25c85cd64?w=300','GPS Vehicle Tracker',102),(180,'https://images.unsplash.com/photo-1558618666-fcd25c85cd64?w=300','GPS Vehicle Tracker',103);
/*!40000 ALTER TABLE `models` ENABLE KEYS */;
UNLOCK TABLES;

--
-- Table structure for table `order_items`
--

DROP TABLE IF EXISTS `order_items`;
/*!40101 SET @saved_cs_client     = @@character_set_client */;
/*!50503 SET character_set_client = utf8mb4 */;
CREATE TABLE `order_items` (
  `id` bigint NOT NULL AUTO_INCREMENT,
  `price` decimal(10,2) NOT NULL,
  `quantity` int NOT NULL,
  `order_id` bigint NOT NULL,
  `product_id` bigint NOT NULL,
  PRIMARY KEY (`id`),
  KEY `FKbioxgbv59vetrxe0ejfubep1w` (`order_id`),
  KEY `FKocimc7dtr037rh4ls4l95nlfi` (`product_id`),
  CONSTRAINT `FKbioxgbv59vetrxe0ejfubep1w` FOREIGN KEY (`order_id`) REFERENCES `orders` (`id`),
  CONSTRAINT `FKocimc7dtr037rh4ls4l95nlfi` FOREIGN KEY (`product_id`) REFERENCES `products` (`id`)
) ENGINE=InnoDB DEFAULT CHARSET=utf8mb4 COLLATE=utf8mb4_0900_ai_ci;
/*!40101 SET character_set_client = @saved_cs_client */;

--
-- Dumping data for table `order_items`
--

LOCK TABLES `order_items` WRITE;
/*!40000 ALTER TABLE `order_items` DISABLE KEYS */;
/*!40000 ALTER TABLE `order_items` ENABLE KEYS */;
UNLOCK TABLES;

--
-- Table structure for table `orders`
--

DROP TABLE IF EXISTS `orders`;
/*!40101 SET @saved_cs_client     = @@character_set_client */;
/*!50503 SET character_set_client = utf8mb4 */;
CREATE TABLE `orders` (
  `id` bigint NOT NULL AUTO_INCREMENT,
  `created_at` datetime(6) DEFAULT NULL,
  `payment_method` varchar(255) DEFAULT NULL,
  `shipping_address` varchar(255) DEFAULT NULL,
  `status` enum('PENDING','PROCESSING','SHIPPED','DELIVERED','CANCELLED') DEFAULT NULL,
  `total` decimal(10,2) NOT NULL,
  `updated_at` datetime(6) DEFAULT NULL,
  `user_id` bigint NOT NULL,
  PRIMARY KEY (`id`),
  KEY `FK32ql8ubntj5uh44ph9659tiih` (`user_id`),
  CONSTRAINT `FK32ql8ubntj5uh44ph9659tiih` FOREIGN KEY (`user_id`) REFERENCES `users` (`id`)
) ENGINE=InnoDB DEFAULT CHARSET=utf8mb4 COLLATE=utf8mb4_0900_ai_ci;
/*!40101 SET character_set_client = @saved_cs_client */;

--
-- Dumping data for table `orders`
--

LOCK TABLES `orders` WRITE;
/*!40000 ALTER TABLE `orders` DISABLE KEYS */;
/*!40000 ALTER TABLE `orders` ENABLE KEYS */;
UNLOCK TABLES;

--
-- Table structure for table `product_categories`
--

DROP TABLE IF EXISTS `product_categories`;
/*!40101 SET @saved_cs_client     = @@character_set_client */;
/*!50503 SET character_set_client = utf8mb4 */;
CREATE TABLE `product_categories` (
  `id` bigint NOT NULL AUTO_INCREMENT,
  `name` varchar(255) NOT NULL,
  `service_id` bigint NOT NULL,
  PRIMARY KEY (`id`),
  KEY `FK7djhn2f7bnvpuxyuqgc388c1i` (`service_id`),
  CONSTRAINT `FK7djhn2f7bnvpuxyuqgc388c1i` FOREIGN KEY (`service_id`) REFERENCES `services` (`id`)
) ENGINE=InnoDB AUTO_INCREMENT=43 DEFAULT CHARSET=utf8mb4 COLLATE=utf8mb4_0900_ai_ci;
/*!40101 SET character_set_client = @saved_cs_client */;

--
-- Dumping data for table `product_categories`
--

LOCK TABLES `product_categories` WRITE;
/*!40000 ALTER TABLE `product_categories` DISABLE KEYS */;
INSERT INTO `product_categories` VALUES (1,'IP Cameras',1),(2,'PTZ Cameras',1),(3,'WiFi Cameras',1),(4,'Bullet Cameras',1),(5,'Dome Cameras',1),(6,'DVR Systems',1),(7,'CCTV Accessories',1),(8,'Desktop PCs',2),(9,'Printers',2),(10,'Monitors',2),(11,'Computer Accessories',2),(12,'Network Switches',3),(13,'Routers',3),(14,'Cables',3),(15,'POE Switches',3),(16,'Biometric Devices',4),(17,'Door Locks',4),(18,'Face Recognition',4),(19,'Fire Alarm Panels',5),(20,'Smoke Detectors',5),(21,'Video Door Phones',6),(22,'Solar Inverters',7),(23,'Solar Batteries',7),(24,'Solar Cables',7),(25,'Speakers',8),(26,'Audio Boxes',8),(27,'Adapters',9),(28,'UPS',9),(29,'Power Supplies',9),(30,'Connectors',10),(31,'Brackets',10),(32,'Storage',10),(33,'EPABX Accessories',11),(34,'IP HD Systems',12),(35,'Analog HD Systems',12),(36,'Conventional Fire Alarm Systems',12),(37,'Analogue Addressable Fire Alarm Systems',12),(38,'Biometrics',12),(39,'Analogue Video Door Phones',12),(40,'IP Video Door Phones',12),(41,'Electronic Locks',12),(42,'GPS Devices for Vehicles',12);
/*!40000 ALTER TABLE `product_categories` ENABLE KEYS */;
UNLOCK TABLES;

--
-- Table structure for table `product_specifications`
--

DROP TABLE IF EXISTS `product_specifications`;
/*!40101 SET @saved_cs_client     = @@character_set_client */;
/*!50503 SET character_set_client = utf8mb4 */;
CREATE TABLE `product_specifications` (
  `product_id` bigint NOT NULL,
  `spec_value` varchar(255) DEFAULT NULL,
  `spec_key` varchar(255) NOT NULL,
  PRIMARY KEY (`product_id`,`spec_key`),
  CONSTRAINT `FKbets5sov4bn9d2wy8vqathw6d` FOREIGN KEY (`product_id`) REFERENCES `products` (`id`)
) ENGINE=InnoDB DEFAULT CHARSET=utf8mb4 COLLATE=utf8mb4_0900_ai_ci;
/*!40101 SET character_set_client = @saved_cs_client */;

--
-- Dumping data for table `product_specifications`
--

LOCK TABLES `product_specifications` WRITE;
/*!40000 ALTER TABLE `product_specifications` DISABLE KEYS */;
INSERT INTO `product_specifications` VALUES (1,'H.265+','Compression'),(1,'Varifocal 2.8-12mm','Lens'),(1,'Up to 30m IR Range','Night Vision'),(1,'12VDC / PoE','Power Supply'),(1,'4MP (2688 × 1520)','Resolution'),(1,'3 Years','Warranty'),(1,'IP67','Weatherproof'),(2,'Yes','Auto Tracking'),(2,'Up to 200m IR Range','Night Vision'),(2,'24VAC / PoE+','Power Supply'),(2,'4MP','Resolution'),(2,'360° Pan, 90° Tilt','Rotation'),(2,'3 Years','Warranty'),(2,'IP66','Weatherproof'),(2,'20x Optical Zoom','Zoom'),(3,'Optional','Cloud Storage'),(3,'WiFi 802.11n','Connectivity'),(3,'Yes','Mobile App'),(3,'Up to 20m IR','Night Vision'),(3,'12VDC','Power Supply'),(3,'2MP','Resolution'),(3,'2 Years','Warranty'),(4,'Built-in Microphone & Speaker','Audio'),(4,'Color Night Vision','Night Vision'),(4,'PoE','Power Supply'),(4,'4MP','Resolution'),(4,'Yes','Two-way Audio'),(4,'3 Years','Warranty'),(4,'IP67','Weatherproof'),(5,'Fixed 3.6mm','Lens'),(5,'Color Night Vision + IR','Night Vision'),(5,'12VDC / PoE','Power Supply'),(5,'4MP','Resolution'),(5,'Yes','Vandal Proof'),(5,'3 Years','Warranty'),(5,'IP67','Weatherproof'),(6,'Motion Detection, Face Recognition','AI Features'),(6,'16','Channels'),(6,'H.265+','Compression'),(6,'Up to 8TB','HDD Support'),(6,'Yes','Mobile App'),(6,'Up to 8MP per Channel','Resolution'),(6,'3 Years','Warranty'),(7,'16','Channels'),(7,'H.265+/H.265','Compression'),(7,'Up to 6TB','HDD Support'),(7,'Yes','Mobile App'),(7,'Yes','Remote Viewing'),(7,'Up to 8MP per Channel','Resolution'),(7,'2 Years','Warranty'),(8,'16','Channels'),(8,'H.264','Compression'),(8,'Up to 4TB','HDD Support'),(8,'Yes','Mobile App'),(8,'Up to 5MP per Channel','Resolution'),(8,'2 Years','Warranty'),(9,'4','Channels'),(9,'H.264','Compression'),(9,'Up to 2TB','HDD Support'),(9,'Yes','Mobile App'),(9,'Up to 5MP per Channel','Resolution'),(9,'2 Years','Warranty'),(10,'4','Channels'),(10,'H.265','Compression'),(10,'Up to 4TB','HDD Support'),(10,'Yes','Mobile App'),(10,'Up to 2MP per Channel','Resolution'),(10,'3 Years','Warranty'),(11,'4','Channels'),(11,'H.265','Compression'),(11,'Up to 4TB','HDD Support'),(11,'Yes','Mobile App'),(11,'Hybrid (Analog + IP)','Type'),(11,'2 Years','Warranty'),(12,'4','Channels'),(12,'H.264','Compression'),(12,'Up to 2TB','HDD Support'),(12,'Yes','Mobile App'),(12,'Up to 5MP per Channel','Resolution'),(12,'2 Years','Warranty'),(13,'Up to 30m IR','Night Vision'),(13,'12VDC','Power Supply'),(13,'64','Preset Positions'),(13,'Pan 360°, Tilt 90°','PT Control'),(13,'2MP','Resolution'),(13,'2 Years','Warranty'),(13,'IP66','Weatherproof'),(14,'Person Detection','AI Features'),(14,'Yes','Cloud Storage'),(14,'WiFi','Connectivity'),(14,'Yes','Mobile App'),(14,'Yes','Night Vision'),(14,'2MP','Resolution'),(14,'2 Years','Warranty'),(15,'WiFi','Connectivity'),(15,'Cube Shape','Design'),(15,'Yes','Mobile App'),(15,'Yes','Night Vision'),(15,'2MP','Resolution'),(15,'Yes','Two-way Audio'),(15,'2 Years','Warranty'),(16,'WiFi','Connectivity'),(16,'Yes','Mobile App'),(16,'Yes','Night Vision'),(16,'360°','Pan'),(16,'2MP','Resolution'),(16,'Yes','Two-way Audio'),(16,'1 Year','Warranty'),(17,'Yes','Battery Backup'),(17,'4G LTE','Connectivity'),(17,'Solar Panel + Battery','Power'),(17,'Yes','PT Control'),(17,'4MP Dual Lens','Resolution'),(17,'2 Years','Warranty'),(17,'IP67','Weatherproof'),(18,'Multi-camera Coordination','Linkage'),(18,'Up to 50m IR','Night Vision'),(18,'Yes','PT Control'),(18,'4MP','Resolution'),(18,'Yes','Synchronization'),(18,'2 Years','Warranty'),(18,'IP66','Weatherproof'),(19,'Optional','Cloud Storage'),(19,'WiFi','Connectivity'),(19,'Yes','Mobile App'),(19,'Up to 15m IR','Night Vision'),(19,'2MP','Resolution'),(19,'Yes','Two-way Audio'),(19,'2 Years','Warranty'),(20,'Built-in Microphone','Audio'),(20,'4mm Fixed','Lens'),(20,'IR Night Vision','Night Vision'),(20,'2MP','Resolution'),(20,'2 Years','Warranty'),(20,'IP66','Weatherproof'),(21,'Fixed','Lens'),(21,'IR Night Vision','Night Vision'),(21,'12VDC','Power Supply'),(21,'2MP HD','Resolution'),(21,'2 Years','Warranty'),(21,'IP66','Weatherproof'),(22,'Fixed','Lens'),(22,'IR Night Vision','Night Vision'),(22,'12VDC','Power Supply'),(22,'2MP HD','Resolution'),(22,'2 Years','Warranty'),(22,'IP66','Weatherproof'),(23,'24 inch FHD IPS','Display'),(23,'Integrated','Graphics'),(23,'Windows 11 Home','OS'),(23,'USB 3.0, HDMI, Ethernet','Ports'),(23,'Intel Core i5 11th Gen','Processor'),(23,'8GB DDR4','RAM'),(23,'512GB SSD','Storage'),(23,'3 Years','Warranty'),(24,'USB, Ethernet, Serial','Connectivity'),(24,'Variable','Label Length'),(24,'Up to 4 inches','Label Width'),(24,'Labels, Tags','Media Types'),(24,'4 inches/sec','Print Speed'),(24,'203 DPI','Resolution'),(24,'1 Year','Warranty'),(25,'250 cd/m²','Brightness'),(25,'VGA, HDMI, BNC','Inputs'),(25,'1366x768','Resolution'),(25,'5ms','Response Time'),(25,'19 inch','Size'),(25,'178°','Viewing Angle'),(25,'2 Years','Warranty'),(26,'Up to 18 months','Battery Life'),(26,'3','Buttons'),(26,'Windows, Mac, Linux','Compatibility'),(26,'Wireless 2.4GHz','Connectivity'),(26,'1000','DPI'),(26,'Smooth Scrolling','Scroll'),(26,'1 Year','Warranty'),(27,'8K entries','MAC Address Table'),(27,'Smart Managed','Management'),(27,'10 Gigabit Ports','Ports'),(27,'Yes','QoS'),(27,'20 Gbps','Switching Capacity'),(27,'Yes','VLAN'),(27,'3 Years','Warranty'),(28,'16K entries','MAC Address Table'),(28,'Fully Managed','Management'),(28,'24 Gigabit Ports','Ports'),(28,'Yes','Stacking'),(28,'48 Gbps','Switching Capacity'),(28,'Yes','VLAN'),(28,'3 Years','Warranty'),(29,'Up to 30W','Per Port Power'),(29,'16','POE Ports'),(29,'300W Total','POE Power'),(29,'IEEE 802.3af/at','Standards'),(29,'2 SFP Ports','Uplink'),(29,'2 Years','Warranty'),(30,'Up to 15.4W','Per Port Power'),(30,'16','POE Ports'),(30,'250W Total','POE Power'),(30,'Gigabit','Speed'),(30,'IEEE 802.3af','Standards'),(30,'2 Years','Warranty'),(31,'Yes','Auto MDI/MDIX'),(31,'Yes','LED Indicators'),(31,'5','Ports'),(31,'10/100 Mbps','Speed'),(31,'Unmanaged','Type'),(31,'1 Year','Warranty'),(32,'Yes','LED Indicators'),(32,'5','Ports'),(32,'10/100 Mbps','Speed'),(32,'Unmanaged','Type'),(32,'1 Year','Warranty'),(33,'Yes','4G Support'),(33,'4 LAN Ports','Ports'),(33,'Yes','SIM Slot'),(33,'Up to 150Mbps','Speed'),(33,'1 Year','Warranty'),(33,'802.11n','WiFi'),(34,'Yes','4G Support'),(34,'2 External','Antennas'),(34,'4 LAN Ports','Ports'),(34,'Up to 150Mbps','Speed'),(34,'1 Year','Warranty'),(34,'802.11ac','WiFi'),(35,'4 External','Antennas'),(35,'Up to 2000 sq ft','Coverage'),(35,'Yes','Guest Network'),(35,'4 LAN + 1 WAN','Ports'),(35,'1 Year','Warranty'),(35,'Dual-band AC1200','WiFi'),(36,'High Gain','Antennas'),(36,'5GHz','Frequency'),(36,'Up to 5km','Range'),(36,'300Mbps','Speed'),(36,'2 Years','Warranty'),(36,'IP65','Weatherproof'),(37,'Up to 1500 sq ft','Coverage'),(37,'Yes','Parental Controls'),(37,'4 LAN + 1 WAN','Ports'),(37,'WPA3','Security'),(37,'1 Year','Warranty'),(37,'AC1200','WiFi'),(38,'Up to 1200 sq ft','Coverage'),(38,'4 LAN + 1 WAN','Ports'),(38,'WPA2','Security'),(38,'1 Year','Warranty'),(38,'AC1200','WiFi'),(39,'01 Tenda / 03 Tenda','Configuration'),(39,'Advanced','Management'),(39,'Multiple','Ports'),(39,'1 Year','Warranty'),(39,'Dual-band','WiFi'),(40,'Black','Color'),(40,'24 AWG','Gauge'),(40,'305 meters','Length'),(40,'Higher than pure copper','Resistance'),(40,'CCA (Copper Clad Aluminum)','Type'),(40,'1 Year','Warranty'),(41,'Black','Color'),(41,'22 AWG','Gauge'),(41,'Easy','Installation'),(41,'305 meters','Length'),(41,'3+1 (3 Video + 1 Power)','Type'),(41,'1 Year','Warranty'),(42,'305 meters','Length'),(42,'Yes','Outdoor'),(42,'CAT-6','Type'),(42,'Yes','UV Protection'),(42,'2 Years','Warranty'),(42,'IP65','Weatherproof'),(43,'24 AWG','Gauge'),(43,'500 meters','Length'),(43,'Pure Copper','Material'),(43,'Yes','Outdoor'),(43,'Pure Copper','Type'),(43,'2 Years','Warranty'),(44,'3000 Fingerprints','Capacity'),(44,'Yes','Cloud Sync'),(44,'TCP/IP, USB Host','Connectivity'),(44,'2.8\" Color LCD','Display'),(44,'Yes','Multi-user'),(44,'Yes','Reports'),(44,'2 Years','Warranty'),(45,'Fingerprint + PIN','Access'),(45,'Yes','Auto Lock'),(45,'Rechargeable','Battery'),(45,'100 Fingerprints','Capacity'),(45,'Yes','Mobile App'),(45,'2 Years','Warranty'),(46,'RFID/Card','Access'),(46,'Rechargeable','Battery'),(46,'Sleek Modern','Design'),(46,'Easy','Installation'),(46,'Frameless Glass','Type'),(46,'1 Year','Warranty'),(47,'Yes','AI Technology'),(47,'5000 Faces','Capacity'),(47,'Yes','Mask Detection'),(47,'Face Recognition','Recognition'),(47,'< 1 second','Speed'),(47,'3 Years','Warranty'),(48,'10000 Faces','Capacity'),(48,'Yes','Mask Detection'),(48,'Face Recognition + AI','Recognition'),(48,'< 0.5 seconds','Speed'),(48,'Optional','Temperature'),(48,'2 Years','Warranty'),(49,'Fingerprint + Face','Biometrics'),(49,'5000 Users','Capacity'),(49,'TCP/IP, USB','Connectivity'),(49,'Color LCD','Display'),(49,'< 0.5 seconds','Speed'),(49,'2 Years','Warranty'),(50,'Yes','Alarm Output'),(50,'Yes','Battery Backup'),(50,'LCD','Display'),(50,'EN54 Certified','Standards'),(50,'2 Years','Warranty'),(50,'Multiple Zones','Zones'),(51,'Built-in','Alarm Sounder'),(51,'Yes','Battery Backup'),(51,'LED Indicators','Display'),(51,'EN54','Standards'),(51,'2 Years','Warranty'),(51,'Up to 8 Zones','Zones'),(52,'-10°C to +55°C','Operating Temp'),(52,'Adjustable','Sensitivity'),(52,'EN54','Standards'),(52,'Photoelectric','Type'),(52,'12VDC','Voltage'),(52,'2 Years','Warranty'),(53,'Two-way','Audio'),(53,'WiFi','Connectivity'),(53,'Yes','Mobile App'),(53,'Yes','Motion Detection'),(53,'Yes','Night Vision'),(53,'1080p','Resolution'),(53,'2 Years','Warranty'),(54,'Two-way','Audio'),(54,'7 inch Indoor Monitor','Display'),(54,'Yes','Night Vision'),(54,'720p','Resolution'),(54,'2 Years','Warranty'),(54,'Wired','Wiring'),(55,'Two-way','Audio'),(55,'7 inch','Display'),(55,'Yes','Night Vision'),(55,'720p','Resolution'),(55,'1 Year','Warranty'),(55,'Wired','Wiring'),(56,'10 inch Indoor Monitor','Display'),(56,'Yes','Mobile App'),(56,'Yes','Night Vision'),(56,'1080p','Resolution'),(56,'Multiple','Stations'),(56,'3 Years','Warranty'),(57,'Two-way','Audio'),(57,'WiFi','Connectivity'),(57,'Yes','Mobile App'),(57,'Yes','Night Vision'),(57,'1080p','Resolution'),(57,'2 Years','Warranty'),(58,'Yes','Battery Backup'),(58,'1kW to 5kW','Capacity'),(58,'>95%','Efficiency'),(58,'Yes','Grid Tie'),(58,'MPPT','Technology'),(58,'5 Years','Warranty'),(59,'100Ah to 200Ah','Capacity'),(59,'6000+','Cycles'),(59,'80%','Depth of Discharge'),(59,'Lithium','Type'),(59,'12.8V','Voltage'),(59,'5 Years','Warranty'),(60,'6 SQMM','Gauge'),(60,'100 meters','Length'),(60,'DC Solar Cable','Type'),(60,'Yes','UV Resistant'),(60,'2 Years','Warranty'),(60,'Yes','Weatherproof'),(61,'80Hz - 20kHz','Frequency'),(61,'8 Ohm','Impedance'),(61,'Universal','Mounting'),(61,'15W','Power'),(61,'Ceiling/Wall Mount','Type'),(61,'1 Year','Warranty'),(62,'Metallic','Finish'),(62,'100Hz - 20kHz','Frequency'),(62,'6W','Power'),(62,'6 Inch','Size'),(62,'Ceiling Mount','Type'),(62,'1 Year','Warranty'),(63,'Two-way','Audio'),(63,'Yes','Noise Cancellation'),(63,'12VDC','Power'),(63,'Up to 100m','Range'),(63,'Yes','Volume Control'),(63,'1 Year','Warranty'),(64,'>85%','Efficiency'),(64,'100-240V AC','Input'),(64,'Yes','LED Indicator'),(64,'12V 2A','Output'),(64,'Overcurrent, Short Circuit','Protection'),(64,'1 Year','Warranty'),(65,'>85%','Efficiency'),(65,'100-240V AC','Input'),(65,'Yes','Multiple Outputs'),(65,'12V 5A','Output'),(65,'Full Protection','Protection'),(65,'1 Year','Warranty'),(66,'4','Channels'),(66,'Yes','LED Indicators'),(66,'12V DC','Output'),(66,'Individual Fuse','Protection'),(66,'60W','Total Power'),(66,'2 Years','Warranty'),(67,'16','Channels'),(67,'Yes','LED Indicators'),(67,'12V DC','Output'),(67,'Individual Fuse','Protection'),(67,'200W','Total Power'),(67,'2 Years','Warranty'),(68,'Yes','AVR'),(68,'15-30 minutes','Backup Time'),(68,'Sealed Lead Acid','Battery'),(68,'600VA','Capacity'),(68,'220V AC','Output'),(68,'1 Year','Warranty'),(69,'Yes','AVR'),(69,'10-20 minutes','Backup Time'),(69,'600VA','Capacity'),(69,'220V AC','Output'),(69,'Yes','Surge Protection'),(69,'1 Year','Warranty'),(70,'Digital Processor','Image Quality'),(70,'IR up to 30m','Night Vision'),(70,'PoE','Power'),(70,'4MP','Resolution'),(70,'Dome - Indoor','Type'),(70,'2 Years On-site','Warranty'),(71,'Digital Processor','Image Quality'),(71,'PoE','Power'),(71,'4MP','Resolution'),(71,'Bullet - Outdoor','Type'),(71,'2 Years On-site','Warranty'),(71,'IP67','Weatherproof'),(72,'2.8-12mm','Lens'),(72,'IR up to 50m','Night Vision'),(72,'PoE','Power'),(72,'4MP','Resolution'),(72,'Varifocal','Type'),(72,'2 Years On-site','Warranty'),(73,'PoE+','Power'),(73,'4MP','Resolution'),(73,'360°','Rotation'),(73,'PTZ','Type'),(73,'2 Years On-site','Warranty'),(73,'20x Optical','Zoom'),(74,'WiFi 802.11n','Connectivity'),(74,'Yes','Mobile App'),(74,'12VDC','Power'),(74,'2MP','Resolution'),(74,'WiFi','Type'),(74,'2 Years On-site','Warranty'),(75,'4G LTE','Connectivity'),(75,'Yes','Mobile App'),(75,'12VDC','Power'),(75,'4MP','Resolution'),(75,'4G Camera','Type'),(75,'2 Years On-site','Warranty'),(76,'Yes','Mobile App'),(76,'Solar + Battery','Power'),(76,'4MP','Resolution'),(76,'Solar Camera','Type'),(76,'2 Years On-site','Warranty'),(76,'IP67','Weatherproof'),(77,'16','Channels'),(77,'H.265+','Compression'),(77,'Up to 8TB','HDD Support'),(77,'Yes','Mobile App'),(77,'NVR','Type'),(77,'2 Years On-site','Warranty'),(78,'16 POE','Ports'),(78,'300W','Power Budget'),(78,'IEEE 802.3af/at','Standards'),(78,'2 SFP','Uplink'),(78,'2 Years On-site','Warranty'),(79,'305 meters','Length'),(79,'Yes','Outdoor'),(79,'CAT 6','Type'),(79,'Yes','UV Protection'),(79,'2 Years','Warranty'),(79,'IP65','Weatherproof'),(80,'2TB','Capacity'),(80,'SATA 6Gb/s','Interface'),(80,'5400','RPM'),(80,'Surveillance HDD','Type'),(80,'3 Years','Warranty'),(80,'24/7','Workload'),(81,'Yes','Gold Plated'),(81,'Crimp Type','Installation'),(81,'10 pieces','Pack'),(81,'BNC Connector','Type'),(81,'1 Year','Warranty'),(82,'12VDC','Power'),(82,'2MP HD','Resolution'),(82,'Dome - Indoor','Type'),(82,'Residential/Non-commercial','Use'),(82,'2 Years On-site','Warranty'),(83,'12VDC','Power'),(83,'2MP HD','Resolution'),(83,'Bullet - Outdoor','Type'),(83,'Residential/Non-commercial','Use'),(83,'2 Years On-site','Warranty'),(83,'IP66','Weatherproof'),(84,'16','Channels'),(84,'H.265+','Compression'),(84,'Up to 6TB','HDD Support'),(84,'DVR','Type'),(84,'Residential/Non-commercial','Use'),(84,'2 Years On-site','Warranty'),(85,'4','Channels'),(85,'H.264','Compression'),(85,'Up to 2TB','HDD Support'),(85,'DVR','Type'),(85,'Residential/Non-commercial','Use'),(85,'2 Years On-site','Warranty'),(86,'22 AWG','Gauge'),(86,'305 meters','Length'),(86,'3+1 (3 Video + 1 Power)','Type'),(86,'Analog Systems','Use'),(86,'1 Year','Warranty'),(87,'1TB','Capacity'),(87,'SATA 6Gb/s','Interface'),(87,'5400','RPM'),(87,'Surveillance HDD','Type'),(87,'3 Years','Warranty'),(87,'24/7','Workload'),(88,'Yes','Gold Plated'),(88,'10 pieces','Pack'),(88,'BNC Connector','Type'),(88,'1 Year','Warranty'),(89,'Yes','Economic'),(89,'Zone-based (No specific location)','Location'),(89,'Conventional','Type'),(89,'Small Premises','Use'),(89,'2 Years On-site','Warranty'),(89,'Up to 8 Zones','Zones'),(90,'Yes','Economic'),(90,'EN54 Certified','Standards'),(90,'Conventional','Type'),(90,'Small Premises','Use'),(90,'2 Years On-site','Warranty'),(90,'Up to 12 Zones','Zones'),(91,'Easy','Installation'),(91,'EN54','Standards'),(91,'Conventional Smoke Detector','Type'),(91,'12VDC','Voltage'),(91,'2 Years','Warranty'),(92,'High','Cost'),(92,'Up to 250 Addressable','Devices'),(92,'Exact Location','Location'),(92,'Analogue Addressable','Type'),(92,'Precise/Critical Applications','Use'),(92,'2 Years On-site','Warranty'),(93,'High','Cost'),(93,'Up to 500 Addressable','Devices'),(93,'Exact Location','Location'),(93,'Analogue Addressable','Type'),(93,'Large Commercial','Use'),(93,'2 Years On-site','Warranty'),(94,'Loop Wiring','Installation'),(94,'Exact Location ID','Location'),(94,'EN54','Standards'),(94,'Addressable Smoke Detector','Type'),(94,'2 Years','Warranty'),(95,'3000 Fingerprints','Capacity'),(95,'Yes','Cloud Sync'),(95,'2.8\" Color LCD','Display'),(95,'Fingerprint Biometric','Type'),(95,'Access Control, Time & Attendance','Uses'),(95,'2 Years On-site','Warranty'),(96,'Yes','AI Technology'),(96,'5000 Faces','Capacity'),(96,'< 1 second','Speed'),(96,'Face Recognition','Type'),(96,'Access Control, Visitor Management','Uses'),(96,'2 Years On-site','Warranty'),(97,'5000 Users','Capacity'),(97,'Color LCD','Display'),(97,'< 0.5 seconds','Speed'),(97,'Fingerprint + Face','Type'),(97,'Access Control, Employee ID','Uses'),(97,'2 Years On-site','Warranty'),(98,'Two-way','Audio'),(98,'Electronic Lock Support','Door Lock'),(98,'1-3 Doors','Doors'),(98,'Yes','Economic'),(98,'Outdoor + Indoor','Stations'),(98,'Analogue VDP','Type'),(98,'2 Years On-site','Warranty'),(99,'Two-way','Audio'),(99,'Electronic Lock Support','Door Lock'),(99,'1-3 Doors','Doors'),(99,'720p','Resolution'),(99,'Analogue VDP','Type'),(99,'2 Years On-site','Warranty'),(100,'Internet/Mobile App','Connectivity'),(100,'Remote Electronic Lock','Door Lock'),(100,'Video Call, Remote Unlock','Features'),(100,'Yes','Mobile App'),(100,'Yes','Remote Access'),(100,'IP VDP','Type'),(100,'2 Years On-site','Warranty'),(101,'WiFi + Mobile App','Connectivity'),(101,'Video Call, Remote Unlock','Features'),(101,'Yes','Motion Detection'),(101,'Yes','Night Vision'),(101,'IP VDP - WiFi','Type'),(101,'2 Years On-site','Warranty'),(102,'Rechargeable','Battery'),(102,'Keyless, Mobile App, PIN, Biometric, Auto-lock, Access Logs','Features'),(102,'Yes','Guest Access'),(102,'Yes','Tamper Alert'),(102,'Biometric Electronic Lock','Type'),(102,'2 Years On-site','Warranty'),(103,'Yes','Access Logs'),(103,'Yes','Battery Backup'),(103,'Keyless, Remote Access, Mobile App, PIN, Biometric','Features'),(103,'Yes','Guest Access'),(103,'Smart Electronic Lock','Type'),(103,'2 Years On-site','Warranty'),(104,'Rechargeable','Battery'),(104,'Keyless, PIN Code, Auto-lock, Access Logs','Features'),(104,'Yes','Tamper Alert'),(104,'Electronic Lock','Type'),(104,'2 Years On-site','Warranty'),(105,'Built-in','Battery'),(105,'4G/GPS','Connectivity'),(105,'Real-time Tracking, Geofencing, Mobile App','Features'),(105,'GPS Vehicle Tracker','Type'),(105,'2 Years On-site','Warranty'),(106,'Yes','Alerts'),(106,'4G/GPS','Connectivity'),(106,'Real-time Tracking, Speed Monitoring, Route History','Features'),(106,'GPS Vehicle Tracker','Type'),(106,'2 Years On-site','Warranty'),(107,'Digital Processor','Image Quality'),(107,'IR up to 30m','Night Vision'),(107,'PoE','Power'),(107,'4MP','Resolution'),(107,'Dome - Indoor','Type'),(107,'2 Years On-site','Warranty'),(108,'Digital Processor','Image Quality'),(108,'PoE','Power'),(108,'4MP','Resolution'),(108,'Bullet - Outdoor','Type'),(108,'2 Years On-site','Warranty'),(108,'IP67','Weatherproof'),(109,'2.8-12mm','Lens'),(109,'IR up to 50m','Night Vision'),(109,'PoE','Power'),(109,'4MP','Resolution'),(109,'Varifocal','Type'),(109,'2 Years On-site','Warranty'),(110,'PoE+','Power'),(110,'4MP','Resolution'),(110,'360°','Rotation'),(110,'PTZ','Type'),(110,'2 Years On-site','Warranty'),(110,'20x Optical','Zoom'),(111,'WiFi 802.11n','Connectivity'),(111,'Yes','Mobile App'),(111,'12VDC','Power'),(111,'2MP','Resolution'),(111,'WiFi','Type'),(111,'2 Years On-site','Warranty'),(112,'4G LTE','Connectivity'),(112,'Yes','Mobile App'),(112,'12VDC','Power'),(112,'4MP','Resolution'),(112,'4G Camera','Type'),(112,'2 Years On-site','Warranty'),(113,'Yes','Mobile App'),(113,'Solar + Battery','Power'),(113,'4MP','Resolution'),(113,'Solar Camera','Type'),(113,'2 Years On-site','Warranty'),(113,'IP67','Weatherproof'),(114,'16','Channels'),(114,'H.265+','Compression'),(114,'Up to 8TB','HDD Support'),(114,'Yes','Mobile App'),(114,'NVR','Type'),(114,'2 Years On-site','Warranty'),(115,'16 POE','Ports'),(115,'300W','Power Budget'),(115,'IEEE 802.3af/at','Standards'),(115,'2 SFP','Uplink'),(115,'2 Years On-site','Warranty'),(116,'305 meters','Length'),(116,'Yes','Outdoor'),(116,'CAT 6','Type'),(116,'Yes','UV Protection'),(116,'2 Years','Warranty'),(116,'IP65','Weatherproof'),(117,'2TB','Capacity'),(117,'SATA 6Gb/s','Interface'),(117,'5400','RPM'),(117,'Surveillance HDD','Type'),(117,'3 Years','Warranty'),(117,'24/7','Workload'),(118,'Yes','Gold Plated'),(118,'Crimp Type','Installation'),(118,'10 pieces','Pack'),(118,'BNC Connector','Type'),(118,'1 Year','Warranty'),(119,'12VDC','Power'),(119,'2MP HD','Resolution'),(119,'Dome - Indoor','Type'),(119,'Residential/Non-commercial','Use'),(119,'2 Years On-site','Warranty'),(120,'12VDC','Power'),(120,'2MP HD','Resolution'),(120,'Bullet - Outdoor','Type'),(120,'Residential/Non-commercial','Use'),(120,'2 Years On-site','Warranty'),(120,'IP66','Weatherproof'),(121,'16','Channels'),(121,'H.265+','Compression'),(121,'Up to 6TB','HDD Support'),(121,'DVR','Type'),(121,'Residential/Non-commercial','Use'),(121,'2 Years On-site','Warranty'),(122,'4','Channels'),(122,'H.264','Compression'),(122,'Up to 2TB','HDD Support'),(122,'DVR','Type'),(122,'Residential/Non-commercial','Use'),(122,'2 Years On-site','Warranty'),(123,'22 AWG','Gauge'),(123,'305 meters','Length'),(123,'3+1 (3 Video + 1 Power)','Type'),(123,'Analog Systems','Use'),(123,'1 Year','Warranty'),(124,'1TB','Capacity'),(124,'SATA 6Gb/s','Interface'),(124,'5400','RPM'),(124,'Surveillance HDD','Type'),(124,'3 Years','Warranty'),(124,'24/7','Workload'),(125,'Yes','Gold Plated'),(125,'10 pieces','Pack'),(125,'BNC Connector','Type'),(125,'1 Year','Warranty'),(126,'Yes','Economic'),(126,'Zone-based (No specific location)','Location'),(126,'Conventional','Type'),(126,'Small Premises','Use'),(126,'2 Years On-site','Warranty'),(126,'Up to 8 Zones','Zones'),(127,'Yes','Economic'),(127,'EN54 Certified','Standards'),(127,'Conventional','Type'),(127,'Small Premises','Use'),(127,'2 Years On-site','Warranty'),(127,'Up to 12 Zones','Zones'),(128,'Easy','Installation'),(128,'EN54','Standards'),(128,'Conventional Smoke Detector','Type'),(128,'12VDC','Voltage'),(128,'2 Years','Warranty'),(129,'High','Cost'),(129,'Up to 250 Addressable','Devices'),(129,'Exact Location','Location'),(129,'Analogue Addressable','Type'),(129,'Precise/Critical Applications','Use'),(129,'2 Years On-site','Warranty'),(130,'High','Cost'),(130,'Up to 500 Addressable','Devices'),(130,'Exact Location','Location'),(130,'Analogue Addressable','Type'),(130,'Large Commercial','Use'),(130,'2 Years On-site','Warranty'),(131,'Loop Wiring','Installation'),(131,'Exact Location ID','Location'),(131,'EN54','Standards'),(131,'Addressable Smoke Detector','Type'),(131,'2 Years','Warranty'),(132,'3000 Fingerprints','Capacity'),(132,'Yes','Cloud Sync'),(132,'2.8\" Color LCD','Display'),(132,'Fingerprint Biometric','Type'),(132,'Access Control, Time & Attendance','Uses'),(132,'2 Years On-site','Warranty'),(133,'Yes','AI Technology'),(133,'5000 Faces','Capacity'),(133,'< 1 second','Speed'),(133,'Face Recognition','Type'),(133,'Access Control, Visitor Management','Uses'),(133,'2 Years On-site','Warranty'),(134,'5000 Users','Capacity'),(134,'Color LCD','Display'),(134,'< 0.5 seconds','Speed'),(134,'Fingerprint + Face','Type'),(134,'Access Control, Employee ID','Uses'),(134,'2 Years On-site','Warranty'),(135,'Two-way','Audio'),(135,'Electronic Lock Support','Door Lock'),(135,'1-3 Doors','Doors'),(135,'Yes','Economic'),(135,'Outdoor + Indoor','Stations'),(135,'Analogue VDP','Type'),(135,'2 Years On-site','Warranty'),(136,'Two-way','Audio'),(136,'Electronic Lock Support','Door Lock'),(136,'1-3 Doors','Doors'),(136,'720p','Resolution'),(136,'Analogue VDP','Type'),(136,'2 Years On-site','Warranty'),(137,'Internet/Mobile App','Connectivity'),(137,'Remote Electronic Lock','Door Lock'),(137,'Video Call, Remote Unlock','Features'),(137,'Yes','Mobile App'),(137,'Yes','Remote Access'),(137,'IP VDP','Type'),(137,'2 Years On-site','Warranty'),(138,'WiFi + Mobile App','Connectivity'),(138,'Video Call, Remote Unlock','Features'),(138,'Yes','Motion Detection'),(138,'Yes','Night Vision'),(138,'IP VDP - WiFi','Type'),(138,'2 Years On-site','Warranty'),(139,'Rechargeable','Battery'),(139,'Keyless, Mobile App, PIN, Biometric, Auto-lock, Access Logs','Features'),(139,'Yes','Guest Access'),(139,'Yes','Tamper Alert'),(139,'Biometric Electronic Lock','Type'),(139,'2 Years On-site','Warranty'),(140,'Yes','Access Logs'),(140,'Yes','Battery Backup'),(140,'Keyless, Remote Access, Mobile App, PIN, Biometric','Features'),(140,'Yes','Guest Access'),(140,'Smart Electronic Lock','Type'),(140,'2 Years On-site','Warranty'),(141,'Rechargeable','Battery'),(141,'Keyless, PIN Code, Auto-lock, Access Logs','Features'),(141,'Yes','Tamper Alert'),(141,'Electronic Lock','Type'),(141,'2 Years On-site','Warranty'),(142,'Built-in','Battery'),(142,'4G/GPS','Connectivity'),(142,'Real-time Tracking, Geofencing, Mobile App','Features'),(142,'GPS Vehicle Tracker','Type'),(142,'2 Years On-site','Warranty'),(143,'Yes','Alerts'),(143,'4G/GPS','Connectivity'),(143,'Real-time Tracking, Speed Monitoring, Route History','Features'),(143,'GPS Vehicle Tracker','Type'),(143,'2 Years On-site','Warranty'),(144,'Digital Processor','Image Quality'),(144,'IR up to 30m','Night Vision'),(144,'PoE','Power'),(144,'4MP','Resolution'),(144,'Dome - Indoor','Type'),(144,'2 Years On-site','Warranty'),(145,'Digital Processor','Image Quality'),(145,'PoE','Power'),(145,'4MP','Resolution'),(145,'Bullet - Outdoor','Type'),(145,'2 Years On-site','Warranty'),(145,'IP67','Weatherproof'),(146,'2.8-12mm','Lens'),(146,'IR up to 50m','Night Vision'),(146,'PoE','Power'),(146,'4MP','Resolution'),(146,'Varifocal','Type'),(146,'2 Years On-site','Warranty'),(147,'PoE+','Power'),(147,'4MP','Resolution'),(147,'360°','Rotation'),(147,'PTZ','Type'),(147,'2 Years On-site','Warranty'),(147,'20x Optical','Zoom'),(148,'WiFi 802.11n','Connectivity'),(148,'Yes','Mobile App'),(148,'12VDC','Power'),(148,'2MP','Resolution'),(148,'WiFi','Type'),(148,'2 Years On-site','Warranty'),(149,'4G LTE','Connectivity'),(149,'Yes','Mobile App'),(149,'12VDC','Power'),(149,'4MP','Resolution'),(149,'4G Camera','Type'),(149,'2 Years On-site','Warranty'),(150,'Yes','Mobile App'),(150,'Solar + Battery','Power'),(150,'4MP','Resolution'),(150,'Solar Camera','Type'),(150,'2 Years On-site','Warranty'),(150,'IP67','Weatherproof'),(151,'16','Channels'),(151,'H.265+','Compression'),(151,'Up to 8TB','HDD Support'),(151,'Yes','Mobile App'),(151,'NVR','Type'),(151,'2 Years On-site','Warranty'),(152,'16 POE','Ports'),(152,'300W','Power Budget'),(152,'IEEE 802.3af/at','Standards'),(152,'2 SFP','Uplink'),(152,'2 Years On-site','Warranty'),(153,'305 meters','Length'),(153,'Yes','Outdoor'),(153,'CAT 6','Type'),(153,'Yes','UV Protection'),(153,'2 Years','Warranty'),(153,'IP65','Weatherproof'),(154,'2TB','Capacity'),(154,'SATA 6Gb/s','Interface'),(154,'5400','RPM'),(154,'Surveillance HDD','Type'),(154,'3 Years','Warranty'),(154,'24/7','Workload'),(155,'Yes','Gold Plated'),(155,'Crimp Type','Installation'),(155,'10 pieces','Pack'),(155,'BNC Connector','Type'),(155,'1 Year','Warranty'),(156,'12VDC','Power'),(156,'2MP HD','Resolution'),(156,'Dome - Indoor','Type'),(156,'Residential/Non-commercial','Use'),(156,'2 Years On-site','Warranty'),(157,'12VDC','Power'),(157,'2MP HD','Resolution'),(157,'Bullet - Outdoor','Type'),(157,'Residential/Non-commercial','Use'),(157,'2 Years On-site','Warranty'),(157,'IP66','Weatherproof'),(158,'16','Channels'),(158,'H.265+','Compression'),(158,'Up to 6TB','HDD Support'),(158,'DVR','Type'),(158,'Residential/Non-commercial','Use'),(158,'2 Years On-site','Warranty'),(159,'4','Channels'),(159,'H.264','Compression'),(159,'Up to 2TB','HDD Support'),(159,'DVR','Type'),(159,'Residential/Non-commercial','Use'),(159,'2 Years On-site','Warranty'),(160,'22 AWG','Gauge'),(160,'305 meters','Length'),(160,'3+1 (3 Video + 1 Power)','Type'),(160,'Analog Systems','Use'),(160,'1 Year','Warranty'),(161,'1TB','Capacity'),(161,'SATA 6Gb/s','Interface'),(161,'5400','RPM'),(161,'Surveillance HDD','Type'),(161,'3 Years','Warranty'),(161,'24/7','Workload'),(162,'Yes','Gold Plated'),(162,'10 pieces','Pack'),(162,'BNC Connector','Type'),(162,'1 Year','Warranty'),(163,'Yes','Economic'),(163,'Zone-based (No specific location)','Location'),(163,'Conventional','Type'),(163,'Small Premises','Use'),(163,'2 Years On-site','Warranty'),(163,'Up to 8 Zones','Zones'),(164,'Yes','Economic'),(164,'EN54 Certified','Standards'),(164,'Conventional','Type'),(164,'Small Premises','Use'),(164,'2 Years On-site','Warranty'),(164,'Up to 12 Zones','Zones'),(165,'Easy','Installation'),(165,'EN54','Standards'),(165,'Conventional Smoke Detector','Type'),(165,'12VDC','Voltage'),(165,'2 Years','Warranty'),(166,'High','Cost'),(166,'Up to 250 Addressable','Devices'),(166,'Exact Location','Location'),(166,'Analogue Addressable','Type'),(166,'Precise/Critical Applications','Use'),(166,'2 Years On-site','Warranty'),(167,'High','Cost'),(167,'Up to 500 Addressable','Devices'),(167,'Exact Location','Location'),(167,'Analogue Addressable','Type'),(167,'Large Commercial','Use'),(167,'2 Years On-site','Warranty'),(168,'Loop Wiring','Installation'),(168,'Exact Location ID','Location'),(168,'EN54','Standards'),(168,'Addressable Smoke Detector','Type'),(168,'2 Years','Warranty'),(169,'3000 Fingerprints','Capacity'),(169,'Yes','Cloud Sync'),(169,'2.8\" Color LCD','Display'),(169,'Fingerprint Biometric','Type'),(169,'Access Control, Time & Attendance','Uses'),(169,'2 Years On-site','Warranty'),(170,'Yes','AI Technology'),(170,'5000 Faces','Capacity'),(170,'< 1 second','Speed'),(170,'Face Recognition','Type'),(170,'Access Control, Visitor Management','Uses'),(170,'2 Years On-site','Warranty'),(171,'5000 Users','Capacity'),(171,'Color LCD','Display'),(171,'< 0.5 seconds','Speed'),(171,'Fingerprint + Face','Type'),(171,'Access Control, Employee ID','Uses'),(171,'2 Years On-site','Warranty'),(172,'Two-way','Audio'),(172,'Electronic Lock Support','Door Lock'),(172,'1-3 Doors','Doors'),(172,'Yes','Economic'),(172,'Outdoor + Indoor','Stations'),(172,'Analogue VDP','Type'),(172,'2 Years On-site','Warranty'),(173,'Two-way','Audio'),(173,'Electronic Lock Support','Door Lock'),(173,'1-3 Doors','Doors'),(173,'720p','Resolution'),(173,'Analogue VDP','Type'),(173,'2 Years On-site','Warranty'),(174,'Internet/Mobile App','Connectivity'),(174,'Remote Electronic Lock','Door Lock'),(174,'Video Call, Remote Unlock','Features'),(174,'Yes','Mobile App'),(174,'Yes','Remote Access'),(174,'IP VDP','Type'),(174,'2 Years On-site','Warranty'),(175,'WiFi + Mobile App','Connectivity'),(175,'Video Call, Remote Unlock','Features'),(175,'Yes','Motion Detection'),(175,'Yes','Night Vision'),(175,'IP VDP - WiFi','Type'),(175,'2 Years On-site','Warranty'),(176,'Rechargeable','Battery'),(176,'Keyless, Mobile App, PIN, Biometric, Auto-lock, Access Logs','Features'),(176,'Yes','Guest Access'),(176,'Yes','Tamper Alert'),(176,'Biometric Electronic Lock','Type'),(176,'2 Years On-site','Warranty'),(177,'Yes','Access Logs'),(177,'Yes','Battery Backup'),(177,'Keyless, Remote Access, Mobile App, PIN, Biometric','Features'),(177,'Yes','Guest Access'),(177,'Smart Electronic Lock','Type'),(177,'2 Years On-site','Warranty'),(178,'Rechargeable','Battery'),(178,'Keyless, PIN Code, Auto-lock, Access Logs','Features'),(178,'Yes','Tamper Alert'),(178,'Electronic Lock','Type'),(178,'2 Years On-site','Warranty'),(179,'Built-in','Battery'),(179,'4G/GPS','Connectivity'),(179,'Real-time Tracking, Geofencing, Mobile App','Features'),(179,'GPS Vehicle Tracker','Type'),(179,'2 Years On-site','Warranty'),(180,'Yes','Alerts'),(180,'4G/GPS','Connectivity'),(180,'Real-time Tracking, Speed Monitoring, Route History','Features'),(180,'GPS Vehicle Tracker','Type'),(180,'2 Years On-site','Warranty');
/*!40000 ALTER TABLE `product_specifications` ENABLE KEYS */;
UNLOCK TABLES;

--
-- Table structure for table `products`
--

DROP TABLE IF EXISTS `products`;
/*!40101 SET @saved_cs_client     = @@character_set_client */;
/*!50503 SET character_set_client = utf8mb4 */;
CREATE TABLE `products` (
  `id` bigint NOT NULL AUTO_INCREMENT,
  `description` varchar(1000) DEFAULT NULL,
  `in_stock` bit(1) NOT NULL,
  `name` varchar(255) NOT NULL,
  `original_price` decimal(10,2) DEFAULT NULL,
  `price` decimal(10,2) NOT NULL,
  `rating` double DEFAULT NULL,
  `reviews` int DEFAULT NULL,
  `model_id` bigint NOT NULL,
  PRIMARY KEY (`id`),
  UNIQUE KEY `UK_ea7rlqhkc10omd77un6fkl7ft` (`model_id`),
  CONSTRAINT `FK29c4nbv58vgu9wg14fd8ac4xy` FOREIGN KEY (`model_id`) REFERENCES `models` (`id`)
) ENGINE=InnoDB AUTO_INCREMENT=183 DEFAULT CHARSET=utf8mb4 COLLATE=utf8mb4_0900_ai_ci;
/*!40101 SET character_set_client = @saved_cs_client */;

--
-- Dumping data for table `products`
--

LOCK TABLES `products` WRITE;
/*!40000 ALTER TABLE `products` DISABLE KEYS */;
INSERT INTO `products` VALUES (1,'High-quality IP camera with varifocal zoom lens (2.8-12mm) and powerful IR night vision up to 30 meters. Perfect for outdoor surveillance with adjustable focal length for flexible installation.',_binary '','Prama Varifocal Zoom Lens IR Camera',10000.00,8500.00,4.5,120,1),(2,'Advanced PTZ camera with 360° continuous rotation, 20x optical zoom, and powerful IR illumination up to 200 meters. Features auto-tracking and preset positions. Ideal for large area surveillance.',_binary '','Hikvision Outdoor IR Speed Dome PTZ Camera',55000.00,45000.00,4.8,85,2),(3,'Wireless WiFi dome camera with easy installation. Supports mobile app viewing, cloud storage, and two-way audio. Perfect for home and small office security.',_binary '','CP Plus WiFi Dome Camera',8000.00,6500.00,4.4,150,3),(4,'Color IP dome camera with built-in microphone and speaker for two-way audio. Features excellent low-light performance with color night vision technology.',_binary '','HD Crystal IP Color Audio Dome Camera',15000.00,12000.00,4.6,95,4),(5,'Professional bullet camera with color night vision technology. Excellent for outdoor installation with vandal-proof design and weather-resistant housing.',_binary '','Dahua Color Bullet Camera',12000.00,9500.00,4.7,200,5),(6,'Advanced 16-channel digital video recorder with AI features. Supports smart motion detection, face recognition, and up to 8MP per channel. Features H.265+ compression for efficient storage.',_binary '','CP Plus 16 Channel DVR',25000.00,20000.00,4.6,150,6),(7,'16-channel digital video recorder supporting up to 16 cameras. Features H.265 compression, mobile app support, and remote viewing capabilities.',_binary '','Prama 16 Channel DVR',22000.00,18000.00,4.5,180,7),(8,'Cost-effective 16-channel DVR solution. Perfect for small to medium installations with reliable performance and easy operation.',_binary '','Hi-Focus 16 Channel DVR',18000.00,15000.00,4.4,120,8),(9,'Compact 4-channel DVR for small installations. Ideal for homes and small offices.',_binary '','Hi-Focus 4 Channel DVR',10000.00,8000.00,4.3,200,9),(10,'Professional 4-channel DVR supporting 2MP cameras. Features advanced recording modes and mobile app access.',_binary '','Dahua 4 Channel 2MP DVR',12000.00,10000.00,4.5,160,10),(11,'Hybrid video recorder supporting both analog and IP cameras. Flexible solution for upgrading existing systems.',_binary '','Consistent 4 Channel Hybrid Video Recorder',15000.00,12000.00,4.5,140,11),(12,'Reliable 4-channel DVR with excellent video quality and easy operation.',_binary '','Impact 4 Channel DVR',11000.00,9000.00,4.4,180,12),(13,'Pan-tilt dome camera with remote control. Features smooth movement, preset positions, and excellent image quality.',_binary '','SecureEye PT Dome Camera',30000.00,25000.00,4.5,90,13),(14,'Smart WiFi camera with AI features including person detection. Supports cloud storage and mobile app control.',_binary '','EZVIZ H4 Camera',7000.00,5500.00,4.3,200,14),(15,'Compact cube-shaped WiFi camera. Perfect for home and small office security with modern design.',_binary '','EZVIZ Wireless Cube Camera',6500.00,5000.00,4.3,220,15),(16,'Compact WiFi camera with pan functionality. Perfect for indoor monitoring with 360° coverage.',_binary '','True View WiFi Mini Pan Camera',6000.00,4500.00,4.2,180,16),(17,'Solar-powered PT camera with 4G connectivity. No wiring required, perfect for remote locations. Features dual lens technology for wider coverage.',_binary '','Dual Lens 4G Solar PT Camera',45000.00,35000.00,4.7,75,17),(18,'Advanced PT camera with linkage features. Supports multiple camera coordination and synchronized movement.',_binary '','EyeSera Linkage PT Camera',35000.00,28000.00,4.6,85,18),(19,'Wireless IP camera with easy setup. Features mobile app control and cloud storage options.',_binary '','CP Plus Wireless 2MP Camera',7500.00,6000.00,4.4,160,19),(20,'Color bullet camera with 4mm lens and built-in audio. Features excellent image quality and two-way communication.',_binary '','Impact 4MM Lens Color with Audio Camera',9000.00,7500.00,4.5,150,20),(21,'HD bullet camera with excellent image quality. Perfect for outdoor surveillance.',_binary '','Hi-Focus Color HD Bullet Camera',7000.00,5500.00,4.4,200,21),(22,'Reliable HD camera with good performance. Cost-effective solution for surveillance.',_binary '','Consistent Color HD Camera',6500.00,5000.00,4.3,180,22),(23,'All-in-one desktop PC with integrated 24-inch FHD display. Features Intel Core i5 processor, 8GB RAM, and 512GB SSD. Perfect for office and home use with modern design and space-saving form factor.',_binary '','HP Desktop PC AIO-24-CR0901IN',55000.00,45000.00,4.6,150,23),(24,'Professional thermal barcode printer for labels and tags. High-speed printing at 4 inches per second with excellent print quality at 203 DPI. Perfect for retail and warehouse applications.',_binary '','TCS Barcode Printer TE 244',30000.00,25000.00,4.7,95,24),(25,'19-inch LED monitor perfect for CCTV monitoring and general use. Features multiple video inputs (VGA, HDMI, BNC) and excellent viewing angles. Ideal for control rooms and security applications.',_binary '','Dahua LED 19 Inch Monitor',10000.00,8500.00,4.5,120,25),(26,'Ergonomic wireless mouse with long battery life up to 18 months. Features smooth scrolling, precise tracking, and comfortable design. Perfect for office and home use.',_binary '','Logitech Wireless Mouse',1500.00,1200.00,4.6,500,26),(27,'Managed gigabit switch with 10 ports. Features VLAN support, QoS for optimized network performance, and web-based management interface.',_binary '','D-Link 10-Port Gigabit Smart Switch',15000.00,12000.00,4.6,180,27),(28,'High-performance 24-port gigabit switch. Ideal for medium to large networks with advanced management features including stacking capability.',_binary '','D-Link 24-Port Gigabit Switch',30000.00,25000.00,4.7,150,28),(29,'16-port POE switch with 2 SFP uplink ports. Provides power and data over single cable, reducing installation complexity. Total POE power budget of 300W.',_binary '','Rova 16 Port POE Switch',22000.00,18000.00,4.5,200,29),(30,'Cost-effective 16-port POE switch. Perfect for small to medium CCTV installations with reliable power delivery.',_binary '','Tenda 16 Port POE Gigabit Switch',18000.00,15000.00,4.4,180,30),(31,'Compact 5-port unmanaged switch. Simple plug-and-play solution for small networks and home offices.',_binary '','Consistent 5 Port Network Switch',3000.00,2500.00,4.3,250,31),(32,'Affordable 5-port network switch for basic networking needs. Reliable and easy to use.',_binary '','Rova 5-Port Network Switch',2500.00,2000.00,4.2,200,32),(33,'4G LTE router with WiFi. Perfect for locations without wired internet connection. Supports multiple devices simultaneously.',_binary '','Consistent 4G Router',6000.00,4500.00,4.5,120,33),(34,'High-speed 4G router with advanced features. Supports multiple devices simultaneously with excellent coverage.',_binary '','Mastel 4G Router',6500.00,5000.00,4.6,100,34),(35,'Dual-band wireless router with excellent coverage. Features parental controls, guest network, and easy setup.',_binary '','Tenda Wireless Router',4500.00,3500.00,4.4,300,35),(36,'Outdoor point-to-point wireless bridge. Extends network connectivity over long distances up to 5km.',_binary '','Hi-Focus Outdoor Tenda P2P',15000.00,12000.00,4.5,80,36),(37,'High-performance wireless router with advanced security features including WPA3 support.',_binary '','True View Wireless Router',5000.00,4000.00,4.4,150,37),(38,'Reliable wireless router for home and office use. Features easy setup and good coverage.',_binary '','CP Plus Wireless Router',4800.00,3800.00,4.3,180,38),(39,'Professional router solution with multiple Tenda configurations. Suitable for various network requirements.',_binary '','Mastel Tenda Router',5500.00,4500.00,4.5,120,39),(40,'Copper-clad aluminum cable for CCTV installations. Cost-effective solution for short to medium distances up to 100 meters.',_binary '','HyNet CCA Cable',30.00,25.00,4.2,500,40),(41,'3+1 CCTV cable with power and video transmission in single cable. Simplifies installation by combining video and power lines.',_binary '','HyNet 3+1 CCTV Cable',35.00,30.00,4.3,400,41),(42,'Weatherproof CAT-6 cable for outdoor networking. Features UV protection and waterproof design for harsh environments.',_binary '','Olive CAT-6 Outdoor Cable',55.00,45.00,4.5,200,42),(43,'Pure copper outdoor cable on wooden roll. Excellent for long-distance installations with superior signal quality.',_binary '','HyNet Copper Outdoor Cable',60.00,50.00,4.4,150,43),(44,'Fingerprint-based biometric attendance system. Features large capacity (3000 fingerprints), color LCD display, and cloud sync capabilities.',_binary '','Essel Biometric Device',22000.00,18000.00,4.6,250,44),(45,'Smart biometric door lock with fingerprint and PIN access. Features mobile app control, auto-lock, and rechargeable battery.',_binary '','Essel Biometric Door Lock',30000.00,25000.00,4.7,180,45),(46,'Elegant frameless glass door lock with electronic access control. Perfect for modern offices and commercial spaces.',_binary '','Frameless Glass Door Lock',20000.00,15000.00,4.5,100,46),(47,'Advanced face recognition system with AI technology. Fast and accurate identification in less than 1 second.',_binary '','Hikvision Biometric Face Machine',45000.00,35000.00,4.8,120,47),(48,'AI-powered face recognition machine with mask detection. Advanced security features including temperature measurement option.',_binary '','Essel Face Mars AI',50000.00,40000.00,4.7,95,48),(49,'Dual biometric scanner supporting both fingerprint and face recognition. High accuracy and speed with color LCD display.',_binary '','Fingerprint Scanner with Face ID',28000.00,22000.00,4.6,140,49),(50,'Advanced fire alarm control panel with multiple zones. Features LCD display, battery backup, and EN54 certification.',_binary '','Impact Fire Alarm Panel',45000.00,35000.00,4.7,85,50),(51,'Multi-zone fire alarm panel for commercial buildings. Reliable detection and alerting system with LED indicators.',_binary '','Fire Alarm Zone Panel',38000.00,30000.00,4.6,120,51),(52,'Photoelectric smoke detector with reliable detection. Easy installation and maintenance. Suitable for various environments.',_binary '','Smoke Sensor',3000.00,2500.00,4.5,200,52),(53,'Smart WiFi video doorbell with mobile app. Features two-way audio, motion detection, and night vision. Perfect for home security.',_binary '','True View WiFi Video Doorbell',15000.00,12000.00,4.6,180,53),(54,'HD video door phone system with indoor monitor. Clear video and audio communication with night vision capability.',_binary '','Impact Video Door Phone',18000.00,15000.00,4.5,150,54),(55,'Cost-effective video door phone solution. Perfect for residential complexes with reliable performance.',_binary '','Hi-Focus Video Door Phone',13000.00,10000.00,4.4,200,55),(56,'Professional video door phone system with advanced features. Supports multiple indoor stations and mobile app access.',_binary '','Hikvision Video Door Phone',25000.00,20000.00,4.7,160,56),(57,'Compact smart video door phone with advanced features. WiFi enabled with mobile app for remote access.',_binary '','Vertel Smart Mini Pro LF',22000.00,18000.00,4.6,140,57),(58,'High-efficiency solar inverter for home and commercial use. Features MPPT technology, battery backup, and grid-tie capability. Efficiency over 95%.',_binary '','UTL Solar Inverter',30000.00,25000.00,4.7,120,58),(59,'Deep cycle solar battery for energy storage. Long lifespan with 6000+ charge cycles. Available in 100Ah to 200Ah capacities.',_binary '','Solar Battery 12.8V',20000.00,15000.00,4.6,150,59),(60,'Weatherproof DC solar cable for panel connections. UV resistant and durable for outdoor installations.',_binary '','Solar Cable 1CX 6 SQMM DC',100.00,80.00,4.5,300,60),(61,'Professional audio speaker with excellent sound quality. Perfect for announcements, background music, and public address systems.',_binary '','Ahuja Speaker',4500.00,3500.00,4.6,200,61),(62,'6-inch ceiling speaker with metallic finish. Perfect for background music and announcements in commercial spaces.',_binary '','Metallic 6W 6 Inch Ceiling Speaker',3000.00,2500.00,4.5,250,62),(63,'Two-way audio box for intercom systems. Clear communication with noise cancellation technology.',_binary '','2 Way Audio Box',5500.00,4500.00,4.4,180,63),(64,'Power adapter for 2MP cameras. Reliable power supply with overcurrent and short circuit protection.',_binary '','Consistent 2MP Adapter 12V 2Amp',1000.00,800.00,4.5,400,64),(65,'High-power adapter for 5MP cameras and multiple camera systems. Features full protection circuitry.',_binary '','Consistent 5MP Adapter 12V 5Amp',2000.00,1500.00,4.6,300,65),(66,'4-channel centralized power supply for CCTV cameras. Features individual fuse protection for each channel.',_binary '','Hikvision 4 Channel Power Supply',4500.00,3500.00,4.7,250,66),(67,'16-channel power supply unit for large CCTV installations. Reliable and efficient with individual channel protection.',_binary '','EonSecure 16 Channel Power Supply',15000.00,12000.00,4.6,180,67),(68,'Uninterruptible power supply for critical systems. Provides backup power during outages with automatic voltage regulation.',_binary '','Consistent UPS',10000.00,8000.00,4.5,200,68),(69,'Reliable UPS system for computers and CCTV. Features automatic voltage regulation and surge protection.',_binary '','Zebronic UPS',9500.00,7500.00,4.4,250,69),(70,'IP HD dome camera for indoor use. Features digital image processor for superior quality, PoE support, and excellent low-light performance.',_binary '','Prama IP HD Dome Camera',10000.00,8500.00,4.5,120,70),(71,'IP HD bullet camera for outdoor use. Weatherproof design with digital image processing for superior image quality.',_binary '','Hikvision IP HD Bullet Camera',12000.00,9500.00,4.7,200,71),(72,'Varifocal IP camera for long distance monitoring. Adjustable focal length with powerful IR night vision.',_binary '','Prama Varifocal Zoom Lens IR Camera',15000.00,12000.00,4.6,95,72),(73,'Advanced PTZ camera with 360° rotation and zoom. Perfect for large area surveillance with digital image processing.',_binary '','Hikvision IP HD PTZ Camera',55000.00,45000.00,4.8,85,73),(74,'Wireless IP HD camera with WiFi connectivity. Easy installation with mobile app support.',_binary '','CP Plus IP HD WiFi Camera',8000.00,6500.00,4.4,150,74),(75,'4G enabled IP HD camera for remote locations. No internet wiring required, works on 4G network.',_binary '','Trueview IP HD 4G Camera',22000.00,18000.00,4.5,100,75),(76,'Solar-powered IP HD camera with battery backup. Perfect for locations without power supply.',_binary '','Consistent IP HD Solar Camera',30000.00,25000.00,4.6,80,76),(77,'Network Video Recorder for IP HD systems. Supports up to 16 IP cameras with H.265+ compression.',_binary '','Hikvision 16 Channel NVR',30000.00,25000.00,4.7,150,77),(78,'16-port POE switch for IP HD systems. Provides power and data over single CAT 6 cable.',_binary '','Rova 16 Port POE Switch',22000.00,18000.00,4.5,200,78),(79,'CAT 6 cable for digital data transmission in IP HD systems. Weatherproof design for outdoor use.',_binary '','Olive CAT 6 Outdoor Cable',55.00,45.00,4.5,200,79),(80,'Surveillance-grade hard disk for NVR systems. Designed for 24/7 operation with excellent reliability.',_binary '','WD Surveillance Hard Disk 2TB',6500.00,5500.00,4.7,400,80),(81,'High-quality BNC connector for CCTV installations. Gold-plated contacts for reliable connections.',_binary '','Hi-Focus BNC Connector',60.00,50.00,4.4,500,81),(82,'Analog HD dome camera for residential use. Cost-effective solution for home security with good image quality.',_binary '','Prama Analog HD Dome Camera',5500.00,4500.00,4.4,200,82),(83,'Analog HD bullet camera for outdoor residential use. Weatherproof design with excellent value for money.',_binary '','Hikvision Analog HD Bullet Camera',6000.00,5000.00,4.5,180,83),(84,'16-channel DVR for analog HD systems. Perfect for residential and small commercial installations.',_binary '','CP Plus 16 Channel DVR',25000.00,20000.00,4.6,150,84),(85,'Compact 4-channel DVR for small residential installations. Economic solution for homes and small offices.',_binary '','Hi-Focus 4 Channel DVR',10000.00,8000.00,4.3,200,85),(86,'3+1 CCTV cable combining video and power in single cable. Simplifies installation for analog systems.',_binary '','HyNet 3+1 CCTV Cable',35.00,30.00,4.3,400,86),(87,'Surveillance hard disk for DVR systems. Reliable storage for analog HD recordings.',_binary '','WD Surveillance Hard Disk 1TB',4000.00,3500.00,4.7,500,87),(88,'BNC connector for analog camera connections. Easy installation with reliable performance.',_binary '','Hi-Focus BNC Connector',60.00,50.00,4.4,500,88),(89,'Economic conventional fire alarm panel for small premises. Zone-based detection without specific location identification.',_binary '','Agni Conventional Fire Alarm Panel',30000.00,25000.00,4.5,120,89),(90,'Reliable conventional fire alarm system. Cost-effective solution for small to medium premises.',_binary '','Bosch Conventional Fire Alarm Panel',35000.00,30000.00,4.6,100,90),(91,'Conventional smoke detector for fire alarm systems. Reliable detection with easy installation.',_binary '','Notifier Conventional Smoke Detector',3000.00,2500.00,4.5,200,91),(92,'Advanced analogue addressable fire alarm system providing exact location of events. Precise detection for critical applications.',_binary '','Bosch Analogue Addressable Fire Alarm Panel',100000.00,80000.00,4.8,80,92),(93,'Professional addressable fire alarm system with exact device location. Ideal for large commercial buildings.',_binary '','Honeywell Analogue Addressable Fire Alarm Panel',110000.00,90000.00,4.7,70,93),(94,'Addressable smoke detector with exact location identification. Part of addressable fire alarm system.',_binary '','Notifier Addressable Smoke Detector',5500.00,4500.00,4.6,150,94),(95,'Fingerprint-based biometric system for access control and time & attendance. Features large capacity and cloud sync.',_binary '','Essl Biometric Device',22000.00,18000.00,4.6,250,95),(96,'Advanced face recognition system for access control and visitor management. Fast and accurate identification.',_binary '','Hikvision Biometric Face Machine',45000.00,35000.00,4.8,120,96),(97,'Dual biometric scanner supporting both fingerprint and face recognition. Perfect for high-security access control.',_binary '','Essl Fingerprint Scanner with Face ID',28000.00,22000.00,4.6,140,97),(98,'Economic analogue video door phone system. Works with outdoor and indoor station for single to three doors. Speak and talk to visitors with electronic door lock support.',_binary '','Hikvision Analogue Video Door Phone',18000.00,15000.00,4.5,150,98),(99,'Cost-effective analogue video door phone. Perfect for residential use with clear video and audio communication.',_binary '','CP Plus Analogue Video Door Phone',15000.00,12000.00,4.4,180,99),(100,'Advanced IP video door phone with mobile app connectivity. Connect via internet, speak and talk to visitors through video call on mobile application, and remotely unlock door with electronic lock.',_binary '','Hikvision IP Video Door Phone',30000.00,25000.00,4.7,160,100),(101,'Smart WiFi video doorbell with mobile app. Features two-way audio, motion detection, and remote door unlock capability.',_binary '','True View WiFi Video Doorbell',15000.00,12000.00,4.6,180,101),(102,'Smart biometric electronic door lock with keyless entry, mobile app control, PIN code access, and access logs. Features auto-lock, guest access management, and battery backup.',_binary '','Essl Biometric Electronic Door Lock',30000.00,25000.00,4.7,180,102),(103,'Advanced smart electronic lock with remote access via mobile app. Features keyless entry, PIN code, biometric integration, and comprehensive access management.',_binary '','Yale Smart Electronic Lock',35000.00,30000.00,4.8,150,103),(104,'Reliable electronic door lock with keyless entry and PIN code access. Features auto-lock, access logs, and tamper alerts.',_binary '','Godrej Electronic Door Lock',25000.00,20000.00,4.6,200,104),(105,'GPS tracking device for vehicles with real-time location tracking, geofencing, and mobile app monitoring.',_binary '','Consistent GPS Vehicle Tracker',10000.00,8000.00,4.5,120,105),(106,'Advanced GPS tracking device with speed monitoring, route history, and alert notifications.',_binary '','Mastel GPS Vehicle Tracker',12000.00,10000.00,4.6,100,106),(107,'IP HD dome camera for indoor use. Features digital image processor for superior quality, PoE support, and excellent low-light performance.',_binary '','Prama IP HD Dome Camera',10000.00,8500.00,4.5,120,107),(108,'IP HD bullet camera for outdoor use. Weatherproof design with digital image processing for superior image quality.',_binary '','Hikvision IP HD Bullet Camera',12000.00,9500.00,4.7,200,108),(109,'Varifocal IP camera for long distance monitoring. Adjustable focal length with powerful IR night vision.',_binary '','Prama Varifocal Zoom Lens IR Camera',15000.00,12000.00,4.6,95,109),(110,'Advanced PTZ camera with 360° rotation and zoom. Perfect for large area surveillance with digital image processing.',_binary '','Hikvision IP HD PTZ Camera',55000.00,45000.00,4.8,85,110),(111,'Wireless IP HD camera with WiFi connectivity. Easy installation with mobile app support.',_binary '','CP Plus IP HD WiFi Camera',8000.00,6500.00,4.4,150,111),(112,'4G enabled IP HD camera for remote locations. No internet wiring required, works on 4G network.',_binary '','Trueview IP HD 4G Camera',22000.00,18000.00,4.5,100,112),(113,'Solar-powered IP HD camera with battery backup. Perfect for locations without power supply.',_binary '','Consistent IP HD Solar Camera',30000.00,25000.00,4.6,80,113),(114,'Network Video Recorder for IP HD systems. Supports up to 16 IP cameras with H.265+ compression.',_binary '','Hikvision 16 Channel NVR',30000.00,25000.00,4.7,150,114),(115,'16-port POE switch for IP HD systems. Provides power and data over single CAT 6 cable.',_binary '','Rova 16 Port POE Switch',22000.00,18000.00,4.5,200,115),(116,'CAT 6 cable for digital data transmission in IP HD systems. Weatherproof design for outdoor use.',_binary '','Olive CAT 6 Outdoor Cable',55.00,45.00,4.5,200,116),(117,'Surveillance-grade hard disk for NVR systems. Designed for 24/7 operation with excellent reliability.',_binary '','WD Surveillance Hard Disk 2TB',6500.00,5500.00,4.7,400,117),(118,'High-quality BNC connector for CCTV installations. Gold-plated contacts for reliable connections.',_binary '','Hi-Focus BNC Connector',60.00,50.00,4.4,500,118),(119,'Analog HD dome camera for residential use. Cost-effective solution for home security with good image quality.',_binary '','Prama Analog HD Dome Camera',5500.00,4500.00,4.4,200,119),(120,'Analog HD bullet camera for outdoor residential use. Weatherproof design with excellent value for money.',_binary '','Hikvision Analog HD Bullet Camera',6000.00,5000.00,4.5,180,120),(121,'16-channel DVR for analog HD systems. Perfect for residential and small commercial installations.',_binary '','CP Plus 16 Channel DVR',25000.00,20000.00,4.6,150,121),(122,'Compact 4-channel DVR for small residential installations. Economic solution for homes and small offices.',_binary '','Hi-Focus 4 Channel DVR',10000.00,8000.00,4.3,200,122),(123,'3+1 CCTV cable combining video and power in single cable. Simplifies installation for analog systems.',_binary '','HyNet 3+1 CCTV Cable',35.00,30.00,4.3,400,123),(124,'Surveillance hard disk for DVR systems. Reliable storage for analog HD recordings.',_binary '','WD Surveillance Hard Disk 1TB',4000.00,3500.00,4.7,500,124),(125,'BNC connector for analog camera connections. Easy installation with reliable performance.',_binary '','Hi-Focus BNC Connector',60.00,50.00,4.4,500,125),(126,'Economic conventional fire alarm panel for small premises. Zone-based detection without specific location identification.',_binary '','Agni Conventional Fire Alarm Panel',30000.00,25000.00,4.5,120,126),(127,'Reliable conventional fire alarm system. Cost-effective solution for small to medium premises.',_binary '','Bosch Conventional Fire Alarm Panel',35000.00,30000.00,4.6,100,127),(128,'Conventional smoke detector for fire alarm systems. Reliable detection with easy installation.',_binary '','Notifier Conventional Smoke Detector',3000.00,2500.00,4.5,200,128),(129,'Advanced analogue addressable fire alarm system providing exact location of events. Precise detection for critical applications.',_binary '','Bosch Analogue Addressable Fire Alarm Panel',100000.00,80000.00,4.8,80,129),(130,'Professional addressable fire alarm system with exact device location. Ideal for large commercial buildings.',_binary '','Honeywell Analogue Addressable Fire Alarm Panel',110000.00,90000.00,4.7,70,130),(131,'Addressable smoke detector with exact location identification. Part of addressable fire alarm system.',_binary '','Notifier Addressable Smoke Detector',5500.00,4500.00,4.6,150,131),(132,'Fingerprint-based biometric system for access control and time & attendance. Features large capacity and cloud sync.',_binary '','Essl Biometric Device',22000.00,18000.00,4.6,250,132),(133,'Advanced face recognition system for access control and visitor management. Fast and accurate identification.',_binary '','Hikvision Biometric Face Machine',45000.00,35000.00,4.8,120,133),(134,'Dual biometric scanner supporting both fingerprint and face recognition. Perfect for high-security access control.',_binary '','Essl Fingerprint Scanner with Face ID',28000.00,22000.00,4.6,140,134),(135,'Economic analogue video door phone system. Works with outdoor and indoor station for single to three doors. Speak and talk to visitors with electronic door lock support.',_binary '','Hikvision Analogue Video Door Phone',18000.00,15000.00,4.5,150,135),(136,'Cost-effective analogue video door phone. Perfect for residential use with clear video and audio communication.',_binary '','CP Plus Analogue Video Door Phone',15000.00,12000.00,4.4,180,136),(137,'Advanced IP video door phone with mobile app connectivity. Connect via internet, speak and talk to visitors through video call on mobile application, and remotely unlock door with electronic lock.',_binary '','Hikvision IP Video Door Phone',30000.00,25000.00,4.7,160,137),(138,'Smart WiFi video doorbell with mobile app. Features two-way audio, motion detection, and remote door unlock capability.',_binary '','True View WiFi Video Doorbell',15000.00,12000.00,4.6,180,138),(139,'Smart biometric electronic door lock with keyless entry, mobile app control, PIN code access, and access logs. Features auto-lock, guest access management, and battery backup.',_binary '','Essl Biometric Electronic Door Lock',30000.00,25000.00,4.7,180,139),(140,'Advanced smart electronic lock with remote access via mobile app. Features keyless entry, PIN code, biometric integration, and comprehensive access management.',_binary '','Yale Smart Electronic Lock',35000.00,30000.00,4.8,150,140),(141,'Reliable electronic door lock with keyless entry and PIN code access. Features auto-lock, access logs, and tamper alerts.',_binary '','Godrej Electronic Door Lock',25000.00,20000.00,4.6,200,141),(142,'GPS tracking device for vehicles with real-time location tracking, geofencing, and mobile app monitoring.',_binary '','Consistent GPS Vehicle Tracker',10000.00,8000.00,4.5,120,142),(143,'Advanced GPS tracking device with speed monitoring, route history, and alert notifications.',_binary '','Mastel GPS Vehicle Tracker',12000.00,10000.00,4.6,100,143),(144,'IP HD dome camera for indoor use. Features digital image processor for superior quality, PoE support, and excellent low-light performance.',_binary '','Prama IP HD Dome Camera',10000.00,8500.00,4.5,120,144),(145,'IP HD bullet camera for outdoor use. Weatherproof design with digital image processing for superior image quality.',_binary '','Hikvision IP HD Bullet Camera',12000.00,9500.00,4.7,200,145),(146,'Varifocal IP camera for long distance monitoring. Adjustable focal length with powerful IR night vision.',_binary '','Prama Varifocal Zoom Lens IR Camera',15000.00,12000.00,4.6,95,146),(147,'Advanced PTZ camera with 360° rotation and zoom. Perfect for large area surveillance with digital image processing.',_binary '','Hikvision IP HD PTZ Camera',55000.00,45000.00,4.8,85,147),(148,'Wireless IP HD camera with WiFi connectivity. Easy installation with mobile app support.',_binary '','CP Plus IP HD WiFi Camera',8000.00,6500.00,4.4,150,148),(149,'4G enabled IP HD camera for remote locations. No internet wiring required, works on 4G network.',_binary '','Trueview IP HD 4G Camera',22000.00,18000.00,4.5,100,149),(150,'Solar-powered IP HD camera with battery backup. Perfect for locations without power supply.',_binary '','Consistent IP HD Solar Camera',30000.00,25000.00,4.6,80,150),(151,'Network Video Recorder for IP HD systems. Supports up to 16 IP cameras with H.265+ compression.',_binary '','Hikvision 16 Channel NVR',30000.00,25000.00,4.7,150,151),(152,'16-port POE switch for IP HD systems. Provides power and data over single CAT 6 cable.',_binary '','Rova 16 Port POE Switch',22000.00,18000.00,4.5,200,152),(153,'CAT 6 cable for digital data transmission in IP HD systems. Weatherproof design for outdoor use.',_binary '','Olive CAT 6 Outdoor Cable',55.00,45.00,4.5,200,153),(154,'Surveillance-grade hard disk for NVR systems. Designed for 24/7 operation with excellent reliability.',_binary '','WD Surveillance Hard Disk 2TB',6500.00,5500.00,4.7,400,154),(155,'High-quality BNC connector for CCTV installations. Gold-plated contacts for reliable connections.',_binary '','Hi-Focus BNC Connector',60.00,50.00,4.4,500,155),(156,'Analog HD dome camera for residential use. Cost-effective solution for home security with good image quality.',_binary '','Prama Analog HD Dome Camera',5500.00,4500.00,4.4,200,156),(157,'Analog HD bullet camera for outdoor residential use. Weatherproof design with excellent value for money.',_binary '','Hikvision Analog HD Bullet Camera',6000.00,5000.00,4.5,180,157),(158,'16-channel DVR for analog HD systems. Perfect for residential and small commercial installations.',_binary '','CP Plus 16 Channel DVR',25000.00,20000.00,4.6,150,158),(159,'Compact 4-channel DVR for small residential installations. Economic solution for homes and small offices.',_binary '','Hi-Focus 4 Channel DVR',10000.00,8000.00,4.3,200,159),(160,'3+1 CCTV cable combining video and power in single cable. Simplifies installation for analog systems.',_binary '','HyNet 3+1 CCTV Cable',35.00,30.00,4.3,400,160),(161,'Surveillance hard disk for DVR systems. Reliable storage for analog HD recordings.',_binary '','WD Surveillance Hard Disk 1TB',4000.00,3500.00,4.7,500,161),(162,'BNC connector for analog camera connections. Easy installation with reliable performance.',_binary '','Hi-Focus BNC Connector',60.00,50.00,4.4,500,162),(163,'Economic conventional fire alarm panel for small premises. Zone-based detection without specific location identification.',_binary '','Agni Conventional Fire Alarm Panel',30000.00,25000.00,4.5,120,163),(164,'Reliable conventional fire alarm system. Cost-effective solution for small to medium premises.',_binary '','Bosch Conventional Fire Alarm Panel',35000.00,30000.00,4.6,100,164),(165,'Conventional smoke detector for fire alarm systems. Reliable detection with easy installation.',_binary '','Notifier Conventional Smoke Detector',3000.00,2500.00,4.5,200,165),(166,'Advanced analogue addressable fire alarm system providing exact location of events. Precise detection for critical applications.',_binary '','Bosch Analogue Addressable Fire Alarm Panel',100000.00,80000.00,4.8,80,166),(167,'Professional addressable fire alarm system with exact device location. Ideal for large commercial buildings.',_binary '','Honeywell Analogue Addressable Fire Alarm Panel',110000.00,90000.00,4.7,70,167),(168,'Addressable smoke detector with exact location identification. Part of addressable fire alarm system.',_binary '','Notifier Addressable Smoke Detector',5500.00,4500.00,4.6,150,168),(169,'Fingerprint-based biometric system for access control and time & attendance. Features large capacity and cloud sync.',_binary '','Essl Biometric Device',22000.00,18000.00,4.6,250,169),(170,'Advanced face recognition system for access control and visitor management. Fast and accurate identification.',_binary '','Hikvision Biometric Face Machine',45000.00,35000.00,4.8,120,170),(171,'Dual biometric scanner supporting both fingerprint and face recognition. Perfect for high-security access control.',_binary '','Essl Fingerprint Scanner with Face ID',28000.00,22000.00,4.6,140,171),(172,'Economic analogue video door phone system. Works with outdoor and indoor station for single to three doors. Speak and talk to visitors with electronic door lock support.',_binary '','Hikvision Analogue Video Door Phone',18000.00,15000.00,4.5,150,172),(173,'Cost-effective analogue video door phone. Perfect for residential use with clear video and audio communication.',_binary '','CP Plus Analogue Video Door Phone',15000.00,12000.00,4.4,180,173),(174,'Advanced IP video door phone with mobile app connectivity. Connect via internet, speak and talk to visitors through video call on mobile application, and remotely unlock door with electronic lock.',_binary '','Hikvision IP Video Door Phone',30000.00,25000.00,4.7,160,174),(175,'Smart WiFi video doorbell with mobile app. Features two-way audio, motion detection, and remote door unlock capability.',_binary '','True View WiFi Video Doorbell',15000.00,12000.00,4.6,180,175),(176,'Smart biometric electronic door lock with keyless entry, mobile app control, PIN code access, and access logs. Features auto-lock, guest access management, and battery backup.',_binary '','Essl Biometric Electronic Door Lock',30000.00,25000.00,4.7,180,176),(177,'Advanced smart electronic lock with remote access via mobile app. Features keyless entry, PIN code, biometric integration, and comprehensive access management.',_binary '','Yale Smart Electronic Lock',35000.00,30000.00,4.8,150,177),(178,'Reliable electronic door lock with keyless entry and PIN code access. Features auto-lock, access logs, and tamper alerts.',_binary '','Godrej Electronic Door Lock',25000.00,20000.00,4.6,200,178),(179,'GPS tracking device for vehicles with real-time location tracking, geofencing, and mobile app monitoring.',_binary '','Consistent GPS Vehicle Tracker',10000.00,8000.00,4.5,120,179),(180,'Advanced GPS tracking device with speed monitoring, route history, and alert notifications.',_binary '','Mastel GPS Vehicle Tracker',12000.00,10000.00,4.6,100,180);
/*!40000 ALTER TABLE `products` ENABLE KEYS */;
UNLOCK TABLES;

--
-- Table structure for table `service_requests`
--

DROP TABLE IF EXISTS `service_requests`;
/*!40101 SET @saved_cs_client     = @@character_set_client */;
/*!50503 SET character_set_client = utf8mb4 */;
CREATE TABLE `service_requests` (
  `id` bigint NOT NULL AUTO_INCREMENT,
  `address` varchar(500) DEFAULT NULL,
  `contact_email` varchar(200) DEFAULT NULL,
  `contact_name` varchar(100) DEFAULT NULL,
  `contact_phone` varchar(100) DEFAULT NULL,
  `created_at` datetime(6) NOT NULL,
  `description` varchar(2000) NOT NULL,
  `status` varchar(50) DEFAULT NULL,
  `subject` varchar(200) NOT NULL,
  `updated_at` datetime(6) DEFAULT NULL,
  `category_id` bigint DEFAULT NULL,
  `service_id` bigint DEFAULT NULL,
  `user_id` bigint NOT NULL,
  PRIMARY KEY (`id`),
  KEY `FK8o5vehb5x0m7s4fhyw7rlffqh` (`category_id`),
  KEY `FKlw93ns1xph1x18mxh5p4ukb2g` (`service_id`),
  KEY `FKdnrpkrvtepdqqcxg1nqiq5edt` (`user_id`),
  CONSTRAINT `FK8o5vehb5x0m7s4fhyw7rlffqh` FOREIGN KEY (`category_id`) REFERENCES `product_categories` (`id`),
  CONSTRAINT `FKdnrpkrvtepdqqcxg1nqiq5edt` FOREIGN KEY (`user_id`) REFERENCES `users` (`id`),
  CONSTRAINT `FKlw93ns1xph1x18mxh5p4ukb2g` FOREIGN KEY (`service_id`) REFERENCES `services` (`id`)
) ENGINE=InnoDB AUTO_INCREMENT=9 DEFAULT CHARSET=utf8mb4 COLLATE=utf8mb4_0900_ai_ci;
/*!40101 SET character_set_client = @saved_cs_client */;

--
-- Dumping data for table `service_requests`
--

LOCK TABLES `service_requests` WRITE;
/*!40000 ALTER TABLE `service_requests` DISABLE KEYS */;
INSERT INTO `service_requests` VALUES (1,NULL,'test@test.com',NULL,'9876543211','2026-01-24 10:29:17.202898','Callback Request for Product:\n\nProduct: Prama Varifocal Zoom Lens IR Camera\nQuantity: 1\n\nTotal Value: ₹8,500\n\nPreferred Time: 9-12\n\nPlease call me at 9876543211 to discuss this product.','PENDING','Request for Callback','2026-01-24 10:29:17.202930',NULL,NULL,3),(2,NULL,'test@test.com','Test User','9876543211','2026-01-24 10:30:50.367534','I would like to get a quotation for the following item:\n\nHikvision Outdoor IR Speed Dome PTZ Camera\nQuantity: 1\n\nTotal Estimated Value: ₹45,000\n\nPlease provide a detailed quotation with pricing.','PENDING','Request for Quotation','2026-01-24 10:30:50.367540',NULL,NULL,3),(3,NULL,'test@test.com','Test User','9876543211','2026-01-24 10:30:53.565857','I would like to get a quotation for the following item:\n\nHikvision Outdoor IR Speed Dome PTZ Camera\nQuantity: 1\n\nTotal Estimated Value: ₹45,000\n\nPlease provide a detailed quotation with pricing.','PENDING','Request for Quotation','2026-01-24 10:30:53.565864',NULL,NULL,3),(4,NULL,'test@test.com','Test User','9876543211','2026-01-24 10:31:39.127166','I would like to get a quotation for the following item:\n\nPrama Varifocal Zoom Lens IR Camera\nQuantity: 1\n\nTotal Estimated Value: ₹8,500\n\nPlease provide a detailed quotation with pricing.','PENDING','Request for Quotation','2026-01-24 10:31:39.127179',NULL,NULL,3),(5,NULL,'test@test.com','Test User','9876543211','2026-01-24 10:31:40.327855','I would like to get a quotation for the following item:\n\nPrama Varifocal Zoom Lens IR Camera\nQuantity: 1\n\nTotal Estimated Value: ₹8,500\n\nPlease provide a detailed quotation with pricing.','PENDING','Request for Quotation','2026-01-24 10:31:40.327867',NULL,NULL,3),(6,NULL,'test@test.com','Test User','9876543211','2026-01-24 10:31:41.039072','I would like to get a quotation for the following item:\n\nPrama Varifocal Zoom Lens IR Camera\nQuantity: 1\n\nTotal Estimated Value: ₹8,500\n\nPlease provide a detailed quotation with pricing.','PENDING','Request for Quotation','2026-01-24 10:31:41.039084',NULL,NULL,3),(7,NULL,'test@test.com','Test User','9876543211','2026-01-24 10:31:49.521436','I would like to get a quotation for the following item:\n\nPrama Varifocal Zoom Lens IR Camera\nQuantity: 1\n\nTotal Estimated Value: ₹8,500\n\nPlease provide a detailed quotation with pricing.','COMPLETED','Request for Quotation','2026-01-24 10:33:10.067740',NULL,NULL,3),(8,NULL,'test@test.com','Test User','9876543211','2026-01-24 10:58:34.611727','I need service support for the following product:\n\n2 Way Audio Box\nQuantity: 1\n\nPlease provide service details and schedule.','RESOLVED','Service Request','2026-01-24 11:00:59.823869',NULL,NULL,3);
/*!40000 ALTER TABLE `service_requests` ENABLE KEYS */;
UNLOCK TABLES;

--
-- Table structure for table `services`
--

DROP TABLE IF EXISTS `services`;
/*!40101 SET @saved_cs_client     = @@character_set_client */;
/*!50503 SET character_set_client = utf8mb4 */;
CREATE TABLE `services` (
  `id` bigint NOT NULL AUTO_INCREMENT,
  `description` varchar(500) DEFAULT NULL,
  `icon` varchar(255) DEFAULT NULL,
  `name` varchar(255) NOT NULL,
  PRIMARY KEY (`id`),
  UNIQUE KEY `UK_h4rqgjwnqidx6mvj4i22dxwxe` (`name`)
) ENGINE=InnoDB AUTO_INCREMENT=13 DEFAULT CHARSET=utf8mb4 COLLATE=utf8mb4_0900_ai_ci;
/*!40101 SET character_set_client = @saved_cs_client */;

--
-- Dumping data for table `services`
--

LOCK TABLES `services` WRITE;
/*!40000 ALTER TABLE `services` DISABLE KEYS */;
INSERT INTO `services` VALUES (1,'Surveillance systems for security','videocam','CCTV'),(2,'Computer systems and accessories','laptop','Computers'),(3,'Networking solutions','wifi','Networking'),(4,'Access control systems','shield-checkmark','Access Controls'),(5,'Fire detection and alarm systems','flame','Fire Alarms'),(6,'Video door phone systems','call','Video Door Phones'),(7,'Solar power plant solutions','sunny','Solar Power'),(8,'Audio video solutions','musical-notes','Audio Video'),(9,'Power supply and UPS systems','battery','Power Supply'),(10,'CCTV and security accessories','construct','Accessories'),(11,'EPABX and intercom systems','call','EPABX & Intercom'),(12,'Complete range of security and technology products','storefront','Sales');
/*!40000 ALTER TABLE `services` ENABLE KEYS */;
UNLOCK TABLES;

--
-- Table structure for table `users`
--

DROP TABLE IF EXISTS `users`;
/*!40101 SET @saved_cs_client     = @@character_set_client */;
/*!50503 SET character_set_client = utf8mb4 */;
CREATE TABLE `users` (
  `id` bigint NOT NULL AUTO_INCREMENT,
  `email` varchar(255) NOT NULL,
  `name` varchar(255) NOT NULL,
  `password` varchar(255) NOT NULL,
  `phone` varchar(255) DEFAULT NULL,
  `role` varchar(255) NOT NULL,
  PRIMARY KEY (`id`),
  UNIQUE KEY `UK_6dotkott2kjsp8vw4d0m25fb7` (`email`)
) ENGINE=InnoDB AUTO_INCREMENT=5 DEFAULT CHARSET=utf8mb4 COLLATE=utf8mb4_0900_ai_ci;
/*!40101 SET character_set_client = @saved_cs_client */;

--
-- Dumping data for table `users`
--

LOCK TABLES `users` WRITE;
/*!40000 ALTER TABLE `users` DISABLE KEYS */;
INSERT INTO `users` VALUES (1,'arbaz@gmail.com','Arbaz','$2a$10$jpgpoF9VEruni7iluFmeR.7TckKAhyPAri.1QDJTOBWmFl8yNreSK','6263861681',''),(2,'admin@integrators.com','Admin User','$2a$10$5HIK63pJDl0W5NonNIoTzuDA/RLmZ55zqYMWImjVKhNovW088EXgy','9876543210','ADMIN'),(3,'test@test.com','Test User','$2a$10$sXu7iTnsSGO.8vZJc2q.XOa0K1IP8s1Vvq8bHbjg2AUkvOTT9TeRS','9876543211',''),(4,'sales@sanjaycomm.com','Sales Team','$2a$10$tmlBXnxyfgBffPhC4Nb0quvzVkRsNa75nnjWxo6HPsy1AkUzutvQ2','9179500312','SALES');
/*!40000 ALTER TABLE `users` ENABLE KEYS */;
UNLOCK TABLES;
SET @@SESSION.SQL_LOG_BIN = @MYSQLDUMP_TEMP_LOG_BIN;
/*!40103 SET TIME_ZONE=@OLD_TIME_ZONE */;

/*!40101 SET SQL_MODE=@OLD_SQL_MODE */;
/*!40014 SET FOREIGN_KEY_CHECKS=@OLD_FOREIGN_KEY_CHECKS */;
/*!40014 SET UNIQUE_CHECKS=@OLD_UNIQUE_CHECKS */;
/*!40101 SET CHARACTER_SET_CLIENT=@OLD_CHARACTER_SET_CLIENT */;
/*!40101 SET CHARACTER_SET_RESULTS=@OLD_CHARACTER_SET_RESULTS */;
/*!40101 SET COLLATION_CONNECTION=@OLD_COLLATION_CONNECTION */;
/*!40111 SET SQL_NOTES=@OLD_SQL_NOTES */;

-- Dump completed on 2026-01-24 21:01:34
